year,award,rk,name,team,league,votePoints
2000,MVP,1,Jason Giambi,OAK,AL,317.0
2000,MVP,2,Frank Thomas,CHW,AL,285.0
2000,MVP,3,Alex Rodriguez,SEA,AL,218.0
2000,MVP,4,Carlos Delgado,TOR,AL,206.0
2000,MVP,5,Pedro Martinez,BOS,AL,103.0
2000,MVP,6,Edgar Martinez,SEA,AL,97.0
2000,MVP,6,Manny Ramirez,CLE,AL,97.0
2000,MVP,8,Darin Erstad,ANA,AL,94.0
2000,MVP,9,Nomar Garciaparra,BOS,AL,66.0
2000,MVP,10,Derek Jeter,NYY,AL,44.0
2000,MVP,11,Mike Sweeney,KCR,AL,33.0
2000,MVP,12,Magglio Ordonez,CHW,AL,28.0
2000,MVP,13,David Justice,TOT,AL,23.0
2000,MVP,13,Bernie Williams,NYY,AL,23.0
2000,MVP,15,Tim Hudson,OAK,AL,8.0
2000,MVP,16,Miguel Tejada,OAK,AL,5.0
2000,MVP,17,Travis Fryman,CLE,AL,2.0
2000,MVP,17,David Wells,TOR,AL,2.0
2000,MVP,19,Johnny Damon,KCR,AL,1.0
2000,MVP,1,Jeff Kent,SFG,NL,392.0
2000,MVP,2,Barry Bonds,SFG,NL,279.0
2000,MVP,3,Mike Piazza,NYM,NL,271.0
2000,MVP,4,Jim Edmonds,STL,NL,208.0
2000,MVP,5,Todd Helton,COL,NL,198.0
2000,MVP,6,Vladimir Guerrero,MON,NL,117.0
2000,MVP,7,Jeff Bagwell,HOU,NL,102.0
2000,MVP,8,Andruw Jones,ATL,NL,95.0
2000,MVP,9,Gary Sheffield,LAD,NL,71.0
2000,MVP,9,Sammy Sosa,CHC,NL,71.0
2000,MVP,11,Chipper Jones,ATL,NL,23.0
2000,MVP,12,Greg Maddux,ATL,NL,12.0
2000,MVP,12,Robb Nen,SFG,NL,12.0
2000,MVP,14,Tom Glavine,ATL,NL,8.0
2000,MVP,15,Edgardo Alfonzo,NYM,NL,6.0
2000,MVP,15,Ellis Burks,SFG,NL,6.0
2000,MVP,17,Randy Johnson,ARI,NL,5.0
2000,MVP,18,Darryl Kile,STL,NL,4.0
2000,MVP,19,Brian Giles,PIT,NL,3.0
2000,MVP,20,Moises Alou,HOU,NL,2.0
2000,MVP,20,Richard Hidalgo,HOU,NL,2.0
2000,MVP,22,Antonio Alfonseca,FLA,NL,1.0
2000,CyYoung,1,Pedro Martinez,BOS,AL,140.0
2000,CyYoung,2,Tim Hudson,OAK,AL,54.0
2000,CyYoung,3,David Wells,TOR,AL,46.0
2000,CyYoung,4,Andy Pettitte,NYY,AL,7.0
2000,CyYoung,5,Todd Jones,DET,AL,3.0
2000,CyYoung,6,Roger Clemens,NYY,AL,1.0
2000,CyYoung,6,Mike Mussina,BAL,AL,1.0
2000,CyYoung,1,Randy Johnson,ARI,NL,133.0
2000,CyYoung,2,Tom Glavine,ATL,NL,64.0
2000,CyYoung,3,Greg Maddux,ATL,NL,59.0
2000,CyYoung,4,Robb Nen,SFG,NL,20.0
2000,CyYoung,5,Darryl Kile,STL,NL,8.0
2000,CyYoung,6,Kevin Brown,LAD,NL,4.0
2000,RookieoftheYear,1,Kazuhiro Sasaki,SEA,AL,104.0
2000,RookieoftheYear,2,Terrence Long,OAK,AL,83.0
2000,RookieoftheYear,3,Mark Quinn,KCR,AL,56.0
2000,RookieoftheYear,4,Bengie Molina,ANA,AL,3.0
2000,RookieoftheYear,5,Kelly Wunsch,CHW,AL,2.0
2000,RookieoftheYear,6,Steve Cox,TBD,AL,1.0
2000,RookieoftheYear,6,Adam Kennedy,ANA,AL,1.0
2000,RookieoftheYear,6,Mark Redman,MIN,AL,1.0
2000,RookieoftheYear,6,Barry Zito,OAK,AL,1.0
2000,RookieoftheYear,1,Rafael Furcal,ATL,NL,144.0
2000,RookieoftheYear,2,Rick Ankiel,STL,NL,87.0
2000,RookieoftheYear,3,Jay Payton,NYM,NL,37.0
2000,RookieoftheYear,4,Pat Burrell,PHI,NL,10.0
2000,RookieoftheYear,5,Mitch Meluskey,HOU,NL,7.0
2000,RookieoftheYear,6,Lance Berkman,HOU,NL,1.0
2000,RookieoftheYear,6,Juan Pierre,COL,NL,1.0
2000,RookieoftheYear,6,Chuck Smith,FLA,NL,1.0
2000,MgroftheYear,1,Jerry Manuel,CHW,AL,134.0
2000,MgroftheYear,2,Art Howe,OAK,AL,74.0
2000,MgroftheYear,3,Lou Piniella,SEA,AL,28.0
2000,MgroftheYear,4,Mike Scioscia,ANA,AL,8.0
2000,MgroftheYear,5,Joe Torre,NYY,AL,5.0
2000,MgroftheYear,6,Phil Garner,DET,AL,2.0
2000,MgroftheYear,7,Jimy Williams,BOS,AL,1.0
2000,MgroftheYear,1,Dusty Baker,SFG,NL,154.0
2000,MgroftheYear,2,Tony La Russa,STL,NL,59.0
2000,MgroftheYear,3,Bobby Cox,ATL,NL,41.0
2000,MgroftheYear,4,Bobby Valentine,NYM,NL,16.0
2000,MgroftheYear,5,John Boles,FLA,NL,15.0
2000,MgroftheYear,6,Buddy Bell,COL,NL,2.0
2000,MgroftheYear,7,Felipe Alou,MON,NL,1.0
2001,MVP,1,Ichiro Suzuki,SEA,AL,289.0
2001,MVP,2,Jason Giambi,OAK,AL,281.0
2001,MVP,3,Bret Boone,SEA,AL,259.0
2001,MVP,4,Roberto Alomar,CLE,AL,165.0
2001,MVP,5,Juan Gonzalez,CLE,AL,156.0
2001,MVP,6,Alex Rodriguez,TEX,AL,141.0
2001,MVP,7,Jim Thome,CLE,AL,107.0
2001,MVP,8,Roger Clemens,NYY,AL,67.0
2001,MVP,9,Manny Ramirez,BOS,AL,50.0
2001,MVP,10,Derek Jeter,NYY,AL,42.0
2001,MVP,11,Mariano Rivera,NYY,AL,27.0
2001,MVP,12,Tino Martinez,NYY,AL,18.0
2001,MVP,13,Mark Mulder,OAK,AL,12.0
2001,MVP,14,Doug Mientkiewicz,MIN,AL,5.0
2001,MVP,14,Rafael Palmeiro,TEX,AL,5.0
2001,MVP,16,Mike Cameron,SEA,AL,4.0
2001,MVP,16,Cristian Guzman,MIN,AL,4.0
2001,MVP,16,Edgar Martinez,SEA,AL,4.0
2001,MVP,19,Kazuhiro Sasaki,SEA,AL,3.0
2001,MVP,19,Miguel Tejada,OAK,AL,3.0
2001,MVP,21,Garret Anderson,ANA,AL,2.0
2001,MVP,21,Torii Hunter,MIN,AL,2.0
2001,MVP,21,Mike Sweeney,KCR,AL,2.0
2001,MVP,21,Barry Zito,OAK,AL,2.0
2001,MVP,25,Corey Koskie,MIN,AL,1.0
2001,MVP,25,Shannon Stewart,TOR,AL,1.0
2001,MVP,1,Barry Bonds,SFG,NL,438.0
2001,MVP,2,Sammy Sosa,CHC,NL,278.0
2001,MVP,3,Luis Gonzalez,ARI,NL,261.0
2001,MVP,4,Albert Pujols,STL,NL,222.0
2001,MVP,5,Lance Berkman,HOU,NL,125.0
2001,MVP,6,Shawn Green,LAD,NL,112.0
2001,MVP,7,Jeff Bagwell,HOU,NL,109.0
2001,MVP,8,Chipper Jones,ATL,NL,100.0
2001,MVP,9,Todd Helton,COL,NL,90.0
2001,MVP,10,Curt Schilling,ARI,NL,24.0
2001,MVP,11,Randy Johnson,ARI,NL,23.0
2001,MVP,12,Rich Aurilia,SFG,NL,20.0
2001,MVP,13,Mike Piazza,NYM,NL,14.0
2001,MVP,14,Moises Alou,HOU,NL,13.0
2001,MVP,14,Matt Morris,STL,NL,13.0
2001,MVP,16,Bobby Abreu,PHI,NL,9.0
2001,MVP,17,Jimmy Rollins,PHI,NL,8.0
2001,MVP,18,Brian Jordan,ATL,NL,7.0
2001,MVP,19,Paul Lo Duca,LAD,NL,6.0
2001,MVP,20,Felix Rodriguez,SFG,NL,4.0
2001,MVP,21,Phil Nevin,SDP,NL,3.0
2001,MVP,22,Cliff Floyd,FLA,NL,2.0
2001,MVP,22,Roy Oswalt,HOU,NL,2.0
2001,MVP,24,Brian Giles,PIT,NL,1.0
2001,MVP,24,Vladimir Guerrero,MON,NL,1.0
2001,MVP,24,Steve Kline,STL,NL,1.0
2001,MVP,24,Scott Rolen,PHI,NL,1.0
2001,MVP,24,Larry Walker,COL,NL,1.0
2001,CyYoung,1,Roger Clemens,NYY,AL,122.0
2001,CyYoung,2,Mark Mulder,OAK,AL,60.0
2001,CyYoung,3,Freddy Garcia,SEA,AL,55.0
2001,CyYoung,4,Jamie Moyer,SEA,AL,12.0
2001,CyYoung,5,Mike Mussina,NYY,AL,2.0
2001,CyYoung,6,Tim Hudson,OAK,AL,1.0
2001,CyYoung,1,Randy Johnson,ARI,NL,156.0
2001,CyYoung,2,Curt Schilling,ARI,NL,98.0
2001,CyYoung,3,Matt Morris,STL,NL,31.0
2001,CyYoung,4,Jon Lieber,CHC,NL,2.0
2001,CyYoung,5,Roy Oswalt,HOU,NL,1.0
2001,RookieoftheYear,1,Ichiro Suzuki,SEA,AL,138.0
2001,RookieoftheYear,2,CC Sabathia,CLE,AL,73.0
2001,RookieoftheYear,3,Alfonso Soriano,NYY,AL,35.0
2001,RookieoftheYear,4,David Eckstein,ANA,AL,6.0
2001,RookieoftheYear,1,Albert Pujols,STL,NL,160.0
2001,RookieoftheYear,2,Roy Oswalt,HOU,NL,82.0
2001,RookieoftheYear,3,Jimmy Rollins,PHI,NL,44.0
2001,RookieoftheYear,4,Adam Dunn,CIN,NL,1.0
2001,RookieoftheYear,4,Bud Smith,STL,NL,1.0
2001,MgroftheYear,1,Lou Piniella,SEA,AL,128.0
2001,MgroftheYear,2,Art Howe,OAK,AL,77.0
2001,MgroftheYear,3,Tom Kelly,MIN,AL,25.0
2001,MgroftheYear,4,Jimy Williams,BOS,AL,12.0
2001,MgroftheYear,5,Joe Torre,NYY,AL,8.0
2001,MgroftheYear,6,Charlie Manuel,CLE,AL,1.0
2001,MgroftheYear,6,Mike Scioscia,ANA,AL,1.0
2001,MgroftheYear,1,Larry Bowa,PHI,NL,113.0
2001,MgroftheYear,2,Jim Tracy,LAD,NL,48.0
2001,MgroftheYear,3,Bob Brenly,ARI,NL,43.0
2001,MgroftheYear,4,Tony La Russa,STL,NL,38.0
2001,MgroftheYear,5,Larry Dierker,HOU,NL,21.0
2001,MgroftheYear,6,Don Baylor,CHC,NL,13.0
2001,MgroftheYear,7,Bobby Cox,ATL,NL,12.0
2001,MgroftheYear,8,Dusty Baker,SFG,NL,10.0
2002,MVP,1,Miguel Tejada,OAK,AL,356.0
2002,MVP,2,Alex Rodriguez,TEX,AL,254.0
2002,MVP,3,Alfonso Soriano,NYY,AL,234.0
2002,MVP,4,Garret Anderson,ANA,AL,184.0
2002,MVP,5,Jason Giambi,NYY,AL,162.0
2002,MVP,6,Torii Hunter,MIN,AL,132.0
2002,MVP,7,Jim Thome,CLE,AL,69.0
2002,MVP,8,Magglio Ordonez,CHW,AL,59.0
2002,MVP,9,Manny Ramirez,BOS,AL,39.0
2002,MVP,10,Bernie Williams,NYY,AL,32.0
2002,MVP,11,David Eckstein,ANA,AL,24.0
2002,MVP,11,Nomar Garciaparra,BOS,AL,24.0
2002,MVP,13,Barry Zito,OAK,AL,22.0
2002,MVP,14,Eric Chavez,OAK,AL,14.0
2002,MVP,15,Eddie Guardado,MIN,AL,12.0
2002,MVP,15,Troy Percival,ANA,AL,12.0
2002,MVP,17,Ichiro Suzuki,SEA,AL,10.0
2002,MVP,18,Billy Koch,OAK,AL,8.0
2002,MVP,19,Derek Lowe,BOS,AL,3.0
2002,MVP,20,Pedro Martinez,BOS,AL,1.0
2002,MVP,20,Mike Sweeney,KCR,AL,1.0
2002,MVP,1,Barry Bonds,SFG,NL,448.0
2002,MVP,2,Albert Pujols,STL,NL,276.0
2002,MVP,3,Lance Berkman,HOU,NL,181.0
2002,MVP,4,Vladimir Guerrero,MON,NL,168.0
2002,MVP,5,Shawn Green,LAD,NL,146.0
2002,MVP,6,Jeff Kent,SFG,NL,135.0
2002,MVP,7,Randy Johnson,ARI,NL,127.0
2002,MVP,8,John Smoltz,ATL,NL,124.0
2002,MVP,9,Sammy Sosa,CHC,NL,63.0
2002,MVP,10,Curt Schilling,ARI,NL,53.0
2002,MVP,11,Chipper Jones,ATL,NL,50.0
2002,MVP,12,Eric Gagne,LAD,NL,44.0
2002,MVP,13,Brian Giles,PIT,NL,27.0
2002,MVP,14,Pat Burrell,PHI,NL,8.0
2002,MVP,14,Junior Spivey,ARI,NL,8.0
2002,MVP,16,Andruw Jones,ATL,NL,7.0
2002,MVP,17,Jim Edmonds,STL,NL,6.0
2002,MVP,17,Gary Sheffield,ATL,NL,6.0
2002,MVP,19,Todd Helton,COL,NL,3.0
2002,MVP,20,Edgar Renteria,STL,NL,2.0
2002,MVP,20,Benito Santiago,SFG,NL,2.0
2002,MVP,20,Larry Walker,COL,NL,2.0
2002,MVP,23,Roy Oswalt,HOU,NL,1.0
2002,MVP,23,Jose Vidro,MON,NL,1.0
2002,CyYoung,1,Barry Zito,OAK,AL,114.0
2002,CyYoung,2,Pedro Martinez,BOS,AL,96.0
2002,CyYoung,3,Derek Lowe,BOS,AL,41.0
2002,CyYoung,4,Jarrod Washburn,ANA,AL,1.0
2002,CyYoung,1,Randy Johnson,ARI,NL,160.0
2002,CyYoung,2,Curt Schilling,ARI,NL,90.0
2002,CyYoung,3,John Smoltz,ATL,NL,21.0
2002,CyYoung,4,Eric Gagne,LAD,NL,8.0
2002,CyYoung,4,Roy Oswalt,HOU,NL,8.0
2002,CyYoung,6,Bartolo Colon,MON,NL,1.0
2002,RookieoftheYear,1,Eric Hinske,TOR,AL,122.0
2002,RookieoftheYear,2,Rodrigo Lopez,BAL,AL,97.0
2002,RookieoftheYear,3,Jorge Julio,BAL,AL,14.0
2002,RookieoftheYear,4,Bobby Kielty,MIN,AL,5.0
2002,RookieoftheYear,4,John Lackey,ANA,AL,5.0
2002,RookieoftheYear,6,Josh Phelps,TOR,AL,3.0
2002,RookieoftheYear,7,Kevin Mench,TEX,AL,2.0
2002,RookieoftheYear,8,Mark Ellis,OAK,AL,1.0
2002,RookieoftheYear,8,Tony Fiore,MIN,AL,1.0
2002,RookieoftheYear,8,Dustan Mohr,MIN,AL,1.0
2002,RookieoftheYear,8,Carlos Pena,TOT,AL,1.0
2002,RookieoftheYear,1,Jason Jennings,COL,NL,150.0
2002,RookieoftheYear,2,Brad Wilkerson,MON,NL,57.0
2002,RookieoftheYear,3,Austin Kearns,CIN,NL,40.0
2002,RookieoftheYear,4,Kazuhisa Ishii,LAD,NL,16.0
2002,RookieoftheYear,5,Damian Moss,ATL,NL,12.0
2002,RookieoftheYear,6,Ryan Jensen,SFG,NL,4.0
2002,RookieoftheYear,7,Josh Fogg,PIT,NL,3.0
2002,RookieoftheYear,7,Mark Prior,CHC,NL,3.0
2002,RookieoftheYear,9,Alex Sanchez,MIL,NL,1.0
2002,RookieoftheYear,9,Jason Simontacchi,STL,NL,1.0
2002,RookieoftheYear,9,Denny Stark,COL,NL,1.0
2002,MgroftheYear,1,Mike Scioscia,ANA,AL,116.0
2002,MgroftheYear,2,Art Howe,OAK,AL,74.0
2002,MgroftheYear,3,Ron Gardenhire,MIN,AL,59.0
2002,MgroftheYear,4,Joe Torre,NYY,AL,3.0
2002,MgroftheYear,1,Tony La Russa,STL,NL,129.0
2002,MgroftheYear,2,Bobby Cox,ATL,NL,93.0
2002,MgroftheYear,3,Frank Robinson,MON,NL,23.0
2002,MgroftheYear,4,Jim Tracy,LAD,NL,22.0
2002,MgroftheYear,5,Dusty Baker,SFG,NL,18.0
2002,MgroftheYear,6,Bob Brenly,ARI,NL,2.0
2003,MVP,1,Alex Rodriguez,TEX,AL,242.0
2003,MVP,2,Carlos Delgado,TOR,AL,213.0
2003,MVP,3,Jorge Posada,NYY,AL,194.0
2003,MVP,4,Shannon Stewart,TOT,AL,140.0
2003,MVP,5,David Ortiz,BOS,AL,130.0
2003,MVP,6,Manny Ramirez,BOS,AL,100.0
2003,MVP,7,Nomar Garciaparra,BOS,AL,99.0
2003,MVP,8,Vernon Wells,TOR,AL,84.0
2003,MVP,9,Carlos Beltran,KCR,AL,77.0
2003,MVP,10,Bret Boone,SEA,AL,65.0
2003,MVP,11,Miguel Tejada,OAK,AL,49.0
2003,MVP,12,Bill Mueller,BOS,AL,45.0
2003,MVP,13,Jason Giambi,NYY,AL,36.0
2003,MVP,14,Garret Anderson,ANA,AL,35.0
2003,MVP,15,Keith Foulke,OAK,AL,20.0
2003,MVP,15,Frank Thomas,CHW,AL,20.0
2003,MVP,17,Eric Chavez,OAK,AL,18.0
2003,MVP,18,Carlos Lee,CHW,AL,16.0
2003,MVP,18,Magglio Ordonez,CHW,AL,16.0
2003,MVP,20,Alfonso Soriano,NYY,AL,15.0
2003,MVP,21,Derek Jeter,NYY,AL,10.0
2003,MVP,22,Pedro Martinez,BOS,AL,7.0
2003,MVP,23,Ichiro Suzuki,SEA,AL,6.0
2003,MVP,24,Aubrey Huff,TBD,AL,4.0
2003,MVP,24,Esteban Loaiza,CHW,AL,4.0
2003,MVP,24,Jason Varitek,BOS,AL,4.0
2003,MVP,27,Mariano Rivera,NYY,AL,3.0
2003,MVP,1,Barry Bonds,SFG,NL,426.0
2003,MVP,2,Albert Pujols,STL,NL,303.0
2003,MVP,3,Gary Sheffield,ATL,NL,247.0
2003,MVP,4,Jim Thome,PHI,NL,203.0
2003,MVP,5,Javy Lopez,ATL,NL,159.0
2003,MVP,6,Eric Gagne,LAD,NL,143.0
2003,MVP,7,Todd Helton,COL,NL,75.0
2003,MVP,8,Sammy Sosa,CHC,NL,53.0
2003,MVP,9,Mark Prior,CHC,NL,44.0
2003,MVP,10,Juan Pierre,FLA,NL,39.0
2003,MVP,11,Mike Lowell,FLA,NL,30.0
2003,MVP,12,Richie Sexson,MIL,NL,21.0
2003,MVP,13,Andruw Jones,ATL,NL,15.0
2003,MVP,14,Jeff Bagwell,HOU,NL,14.0
2003,MVP,15,Edgar Renteria,STL,NL,13.0
2003,MVP,16,Preston Wilson,COL,NL,12.0
2003,MVP,17,Vladimir Guerrero,MON,NL,10.0
2003,MVP,18,Marcus Giles,ATL,NL,9.0
2003,MVP,18,Richard Hidalgo,HOU,NL,9.0
2003,MVP,18,John Smoltz,ATL,NL,9.0
2003,MVP,21,Luis Castillo,FLA,NL,8.0
2003,MVP,22,Jason Schmidt,SFG,NL,7.0
2003,MVP,23,Ivan Rodriguez,FLA,NL,5.0
2003,MVP,23,Billy Wagner,HOU,NL,5.0
2003,MVP,25,Luis Gonzalez,ARI,NL,4.0
2003,MVP,25,Chipper Jones,ATL,NL,4.0
2003,MVP,27,Bobby Abreu,PHI,NL,3.0
2003,MVP,27,Miguel Cabrera,FLA,NL,3.0
2003,MVP,27,Jim Edmonds,STL,NL,3.0
2003,MVP,27,Mark Grudzielanek,CHC,NL,3.0
2003,MVP,27,Derrek Lee,FLA,NL,3.0
2003,MVP,27,Russ Ortiz,ATL,NL,3.0
2003,MVP,33,Rafael Furcal,ATL,NL,2.0
2003,MVP,34,Dontrelle Willis,FLA,NL,1.0
2003,CyYoung,1,Roy Halladay,TOR,AL,136.0
2003,CyYoung,2,Esteban Loaiza,CHW,AL,63.0
2003,CyYoung,3,Pedro Martinez,BOS,AL,20.0
2003,CyYoung,4,Tim Hudson,OAK,AL,15.0
2003,CyYoung,5,Jamie Moyer,SEA,AL,12.0
2003,CyYoung,6,Andy Pettitte,NYY,AL,4.0
2003,CyYoung,7,Keith Foulke,OAK,AL,1.0
2003,CyYoung,7,Johan Santana,MIN,AL,1.0
2003,CyYoung,1,Eric Gagne,LAD,NL,146.0
2003,CyYoung,2,Jason Schmidt,SFG,NL,73.0
2003,CyYoung,3,Mark Prior,CHC,NL,60.0
2003,CyYoung,4,Russ Ortiz,ATL,NL,9.0
2003,RookieoftheYear,1,Angel Berroa,KCR,AL,88.0
2003,RookieoftheYear,2,Hideki Matsui,NYY,AL,84.0
2003,RookieoftheYear,3,Rocco Baldelli,TBD,AL,51.0
2003,RookieoftheYear,4,Jody Gerut,CLE,AL,20.0
2003,RookieoftheYear,5,Mark Teixeira,TEX,AL,9.0
2003,RookieoftheYear,1,Dontrelle Willis,FLA,NL,118.0
2003,RookieoftheYear,2,Scott Podsednik,MIL,NL,81.0
2003,RookieoftheYear,3,Brandon Webb,ARI,NL,73.0
2003,RookieoftheYear,4,Marlon Byrd,PHI,NL,6.0
2003,RookieoftheYear,5,Miguel Cabrera,FLA,NL,3.0
2003,RookieoftheYear,5,Brad Lidge,HOU,NL,3.0
2003,RookieoftheYear,7,Jeriome Robertson,HOU,NL,2.0
2003,RookieoftheYear,8,Jose Reyes,NYM,NL,1.0
2003,RookieoftheYear,8,Ty Wigginton,NYM,NL,1.0
2003,MgroftheYear,1,Tony Pena,KCR,AL,130.0
2003,MgroftheYear,2,Ron Gardenhire,MIN,AL,44.0
2003,MgroftheYear,3,Ken Macha,OAK,AL,26.0
2003,MgroftheYear,4,Grady Little,BOS,AL,19.0
2003,MgroftheYear,5,Joe Torre,NYY,AL,14.0
2003,MgroftheYear,6,Lou Piniella,TBD,AL,13.0
2003,MgroftheYear,7,Carlos Tosca,TOR,AL,3.0
2003,MgroftheYear,8,Eric Wedge,CLE,AL,2.0
2003,MgroftheYear,9,Alan Trammell,DET,AL,1.0
2003,MgroftheYear,1,Jack McKeon,FLA,NL,116.0
2003,MgroftheYear,2,Dusty Baker,CHC,NL,62.0
2003,MgroftheYear,3,Bobby Cox,ATL,NL,56.0
2003,MgroftheYear,4,Felipe Alou,SFG,NL,51.0
2003,MgroftheYear,5,Frank Robinson,MON,NL,3.0
2004,MVP,1,Vladimir Guerrero,ANA,AL,354.0
2004,MVP,2,Gary Sheffield,NYY,AL,254.0
2004,MVP,3,Manny Ramirez,BOS,AL,238.0
2004,MVP,4,David Ortiz,BOS,AL,174.0
2004,MVP,5,Miguel Tejada,BAL,AL,123.0
2004,MVP,6,Johan Santana,MIN,AL,117.0
2004,MVP,7,Ichiro Suzuki,SEA,AL,98.0
2004,MVP,8,Michael Young,TEX,AL,92.0
2004,MVP,9,Mariano Rivera,NYY,AL,61.0
2004,MVP,10,Ivan Rodriguez,DET,AL,34.0
2004,MVP,11,Curt Schilling,BOS,AL,14.0
2004,MVP,12,Joe Nathan,MIN,AL,12.0
2004,MVP,13,Derek Jeter,NYY,AL,11.0
2004,MVP,14,Mark Kotsay,OAK,AL,8.0
2004,MVP,14,Alex Rodriguez,NYY,AL,8.0
2004,MVP,16,Johnny Damon,BOS,AL,7.0
2004,MVP,16,Paul Konerko,CHW,AL,7.0
2004,MVP,18,Hank Blalock,TEX,AL,5.0
2004,MVP,18,Melvin Mora,BAL,AL,5.0
2004,MVP,18,Mark Teixeira,TEX,AL,5.0
2004,MVP,21,Torii Hunter,MIN,AL,4.0
2004,MVP,21,Victor Martinez,CLE,AL,4.0
2004,MVP,23,Erubiel Durazo,OAK,AL,3.0
2004,MVP,24,Francisco Cordero,TEX,AL,2.0
2004,MVP,24,Chone Figgins,ANA,AL,2.0
2004,MVP,24,Lew Ford,MIN,AL,2.0
2004,MVP,24,Carlos Guillen,DET,AL,2.0
2004,MVP,24,Travis Hafner,CLE,AL,2.0
2004,MVP,24,Hideki Matsui,NYY,AL,2.0
2004,MVP,30,Eric Chavez,OAK,AL,1.0
2004,MVP,30,Jason Varitek,BOS,AL,1.0
2004,MVP,1,Barry Bonds,SFG,NL,407.0
2004,MVP,2,Adrian Beltre,LAD,NL,311.0
2004,MVP,3,Albert Pujols,STL,NL,247.0
2004,MVP,4,Scott Rolen,STL,NL,226.0
2004,MVP,5,Jim Edmonds,STL,NL,160.0
2004,MVP,6,J.D. Drew,ATL,NL,114.0
2004,MVP,7,Lance Berkman,HOU,NL,100.0
2004,MVP,8,Roger Clemens,HOU,NL,61.0
2004,MVP,9,Mark Loretta,SDP,NL,50.0
2004,MVP,10,Aramis Ramirez,CHC,NL,42.0
2004,MVP,11,Eric Gagne,LAD,NL,30.0
2004,MVP,12,Carlos Beltran,HOU,NL,20.0
2004,MVP,13,Jeff Kent,HOU,NL,18.0
2004,MVP,14,Moises Alou,CHC,NL,15.0
2004,MVP,14,Steve Finley,TOT,NL,15.0
2004,MVP,16,Todd Helton,COL,NL,9.0
2004,MVP,16,Juan Pierre,FLA,NL,9.0
2004,MVP,18,Johnny Estrada,ATL,NL,8.0
2004,MVP,19,Randy Johnson,ARI,NL,7.0
2004,MVP,19,Jim Thome,PHI,NL,7.0
2004,MVP,21,John Smoltz,ATL,NL,6.0
2004,MVP,22,Miguel Cabrera,FLA,NL,5.0
2004,MVP,23,Bobby Abreu,PHI,NL,3.0
2004,MVP,23,Armando Benitez,FLA,NL,3.0
2004,MVP,23,Jeromy Burnitz,COL,NL,3.0
2004,MVP,23,Vinny Castilla,COL,NL,3.0
2004,MVP,23,Roy Oswalt,HOU,NL,3.0
2004,MVP,28,Adam Dunn,CIN,NL,2.0
2004,MVP,28,Carlos Zambrano,CHC,NL,2.0
2004,MVP,30,Phil Nevin,SDP,NL,1.0
2004,MVP,30,Jimmy Rollins,PHI,NL,1.0
2004,CyYoung,1,Johan Santana,MIN,AL,140.0
2004,CyYoung,2,Curt Schilling,BOS,AL,82.0
2004,CyYoung,3,Mariano Rivera,NYY,AL,27.0
2004,CyYoung,4,Pedro Martinez,BOS,AL,1.0
2004,CyYoung,4,Joe Nathan,MIN,AL,1.0
2004,CyYoung,4,Francisco Rodriguez,ANA,AL,1.0
2004,CyYoung,1,Roger Clemens,HOU,NL,140.0
2004,CyYoung,2,Randy Johnson,ARI,NL,97.0
2004,CyYoung,3,Roy Oswalt,HOU,NL,19.0
2004,CyYoung,4,Jason Schmidt,SFG,NL,13.0
2004,CyYoung,5,Carlos Zambrano,CHC,NL,8.0
2004,CyYoung,6,Carl Pavano,FLA,NL,6.0
2004,CyYoung,7,Eric Gagne,LAD,NL,3.0
2004,CyYoung,8,Brad Lidge,HOU,NL,1.0
2004,CyYoung,8,Ben Sheets,MIL,NL,1.0
2004,RookieoftheYear,1,Bobby Crosby,OAK,AL,138.0
2004,RookieoftheYear,2,Shingo Takatsu,CHW,AL,44.0
2004,RookieoftheYear,3,Daniel Cabrera,BAL,AL,29.0
2004,RookieoftheYear,4,Zack Greinke,KCR,AL,16.0
2004,RookieoftheYear,5,Alex Rios,TOR,AL,12.0
2004,RookieoftheYear,6,David DeJesus,KCR,AL,6.0
2004,RookieoftheYear,7,Ross Gload,CHW,AL,4.0
2004,RookieoftheYear,8,John Buck,KCR,AL,1.0
2004,RookieoftheYear,8,Dave Bush,TOR,AL,1.0
2004,RookieoftheYear,8,Nate Robertson,DET,AL,1.0
2004,RookieoftheYear,1,Jason Bay,PIT,NL,146.0
2004,RookieoftheYear,2,Khalil Greene,SDP,NL,108.0
2004,RookieoftheYear,3,Akinori Otsuka,SDP,NL,23.0
2004,RookieoftheYear,4,Aaron Miles,COL,NL,6.0
2004,RookieoftheYear,5,Matt Holliday,COL,NL,3.0
2004,RookieoftheYear,6,Kazuo Matsui,NYM,NL,1.0
2004,RookieoftheYear,6,Terrmel Sledge,MON,NL,1.0
2004,MgroftheYear,1,Buck Showalter,TEX,AL,101.0
2004,MgroftheYear,2,Ron Gardenhire,MIN,AL,91.0
2004,MgroftheYear,3,Mike Scioscia,ANA,AL,31.0
2004,MgroftheYear,4,Joe Torre,NYY,AL,18.0
2004,MgroftheYear,5,Terry Francona,BOS,AL,8.0
2004,MgroftheYear,6,Eric Wedge,CLE,AL,3.0
2004,MgroftheYear,1,Bobby Cox,ATL,NL,140.0
2004,MgroftheYear,2,Tony La Russa,STL,NL,62.0
2004,MgroftheYear,3,Jim Tracy,LAD,NL,52.0
2004,MgroftheYear,4,Phil Garner,HOU,NL,27.0
2004,MgroftheYear,5,Felipe Alou,SFG,NL,4.0
2004,MgroftheYear,6,Bruce Bochy,SDP,NL,3.0
2005,MVP,1,Alex Rodriguez,NYY,AL,331.0
2005,MVP,2,David Ortiz,BOS,AL,307.0
2005,MVP,3,Vladimir Guerrero,LAA,AL,196.0
2005,MVP,4,Manny Ramirez,BOS,AL,156.0
2005,MVP,5,Travis Hafner,CLE,AL,151.0
2005,MVP,6,Paul Konerko,CHW,AL,128.0
2005,MVP,7,Mark Teixeira,TEX,AL,106.0
2005,MVP,8,Gary Sheffield,NYY,AL,84.0
2005,MVP,9,Mariano Rivera,NYY,AL,59.0
2005,MVP,10,Derek Jeter,NYY,AL,23.0
2005,MVP,11,Michael Young,TEX,AL,20.0
2005,MVP,12,Scott Podsednik,CHW,AL,15.0
2005,MVP,13,Johnny Damon,BOS,AL,12.0
2005,MVP,14,Hideki Matsui,NYY,AL,8.0
2005,MVP,15,Richie Sexson,SEA,AL,7.0
2005,MVP,15,Miguel Tejada,BAL,AL,7.0
2005,MVP,17,Chone Figgins,LAA,AL,6.0
2005,MVP,18,Jason Giambi,NYY,AL,5.0
2005,MVP,18,Victor Martinez,CLE,AL,5.0
2005,MVP,18,Brian Roberts,BAL,AL,5.0
2005,MVP,21,Eric Chavez,OAK,AL,4.0
2005,MVP,21,Jason Varitek,BOS,AL,4.0
2005,MVP,23,Bartolo Colon,LAA,AL,3.0
2005,MVP,23,Grady Sizemore,CLE,AL,3.0
2005,MVP,23,Huston Street,OAK,AL,3.0
2005,MVP,26,Bob Wickman,CLE,AL,2.0
2005,MVP,27,Jorge Cantu,TBD,AL,1.0
2005,MVP,27,Jose Contreras,CHW,AL,1.0
2005,MVP,1,Albert Pujols,STL,NL,378.0
2005,MVP,2,Andruw Jones,ATL,NL,351.0
2005,MVP,3,Derrek Lee,CHC,NL,263.0
2005,MVP,4,Morgan Ensberg,HOU,NL,160.0
2005,MVP,5,Miguel Cabrera,FLA,NL,146.0
2005,MVP,6,Carlos Delgado,FLA,NL,84.0
2005,MVP,7,Pat Burrell,PHI,NL,65.0
2005,MVP,8,Chris Carpenter,STL,NL,52.0
2005,MVP,9,Brian Giles,SDP,NL,48.0
2005,MVP,10,Jimmy Rollins,PHI,NL,45.0
2005,MVP,11,Dontrelle Willis,FLA,NL,42.0
2005,MVP,12,Jason Bay,PIT,NL,41.0
2005,MVP,13,Chase Utley,PHI,NL,22.0
2005,MVP,14,Bobby Abreu,PHI,NL,21.0
2005,MVP,14,Lance Berkman,HOU,NL,21.0
2005,MVP,14,Chad Cordero,WSN,NL,21.0
2005,MVP,17,Trevor Hoffman,SDP,NL,19.0
2005,MVP,17,Carlos Lee,MIL,NL,19.0
2005,MVP,19,Jeff Kent,LAD,NL,18.0
2005,MVP,19,David Wright,NYM,NL,18.0
2005,MVP,21,David Eckstein,STL,NL,15.0
2005,MVP,22,Roger Clemens,HOU,NL,8.0
2005,MVP,23,Roy Oswalt,HOU,NL,6.0
2005,MVP,24,Ken Griffey Jr.,CIN,NL,5.0
2005,MVP,24,Andy Pettitte,HOU,NL,5.0
2005,MVP,26,Adam Dunn,CIN,NL,4.0
2005,MVP,26,Jim Edmonds,STL,NL,4.0
2005,MVP,26,Cliff Floyd,NYM,NL,4.0
2005,MVP,26,Marcus Giles,ATL,NL,4.0
2005,MVP,30,Scott Eyre,SFG,NL,1.0
2005,MVP,30,Brad Lidge,HOU,NL,1.0
2005,MVP,30,Jose Reyes,NYM,NL,1.0
2005,CyYoung,1,Bartolo Colon,LAA,AL,118.0
2005,CyYoung,2,Mariano Rivera,NYY,AL,68.0
2005,CyYoung,3,Johan Santana,MIN,AL,51.0
2005,CyYoung,4,Cliff Lee,CLE,AL,8.0
2005,CyYoung,5,Mark Buehrle,CHW,AL,5.0
2005,CyYoung,6,Jon Garland,CHW,AL,1.0
2005,CyYoung,6,Kevin Millwood,CLE,AL,1.0
2005,CyYoung,1,Chris Carpenter,STL,NL,132.0
2005,CyYoung,2,Dontrelle Willis,FLA,NL,112.0
2005,CyYoung,3,Roger Clemens,HOU,NL,40.0
2005,CyYoung,4,Roy Oswalt,HOU,NL,2.0
2005,CyYoung,5,Chad Cordero,WSN,NL,1.0
2005,CyYoung,5,Andy Pettitte,HOU,NL,1.0
2005,RookieoftheYear,1,Huston Street,OAK,AL,97.0
2005,RookieoftheYear,2,Robinson Cano,NYY,AL,57.0
2005,RookieoftheYear,3,Jonny Gomes,TBD,AL,39.0
2005,RookieoftheYear,4,Tadahito Iguchi,CHW,AL,30.0
2005,RookieoftheYear,5,Gustavo Chacin,TOR,AL,14.0
2005,RookieoftheYear,6,Joe Blanton,OAK,AL,6.0
2005,RookieoftheYear,6,Nick Swisher,OAK,AL,6.0
2005,RookieoftheYear,8,Jesse Crain,MIN,AL,2.0
2005,RookieoftheYear,9,Scott Kazmir,TBD,AL,1.0
2005,RookieoftheYear,1,Ryan Howard,PHI,NL,109.0
2005,RookieoftheYear,2,Willy Taveras,HOU,NL,78.0
2005,RookieoftheYear,3,Jeff Francoeur,ATL,NL,60.0
2005,RookieoftheYear,4,Garrett Atkins,COL,NL,17.0
2005,RookieoftheYear,5,Zach Duke,PIT,NL,16.0
2005,RookieoftheYear,6,Jeff Francis,COL,NL,3.0
2005,RookieoftheYear,6,Rickie Weeks,MIL,NL,3.0
2005,RookieoftheYear,8,Clint Barmes,COL,NL,1.0
2005,RookieoftheYear,8,Jason Vargas,FLA,NL,1.0
2005,MgroftheYear,1,Ozzie Guillen,CHW,AL,105.0
2005,MgroftheYear,2,Eric Wedge,CLE,AL,71.0
2005,MgroftheYear,3,Joe Torre,NYY,AL,43.0
2005,MgroftheYear,4,Ken Macha,OAK,AL,21.0
2005,MgroftheYear,5,Mike Scioscia,LAA,AL,7.0
2005,MgroftheYear,6,Terry Francona,BOS,AL,4.0
2005,MgroftheYear,7,John Gibbons,TOR,AL,1.0
2005,MgroftheYear,1,Bobby Cox,ATL,NL,152.0
2005,MgroftheYear,2,Tony La Russa,STL,NL,52.0
2005,MgroftheYear,3,Phil Garner,HOU,NL,38.0
2005,MgroftheYear,4,Frank Robinson,WSN,NL,29.0
2005,MgroftheYear,5,Ned Yost,MIL,NL,7.0
2005,MgroftheYear,6,Charlie Manuel,PHI,NL,5.0
2005,MgroftheYear,7,Bruce Bochy,SDP,NL,4.0
2005,MgroftheYear,8,Willie Randolph,NYM,NL,1.0
2006,MVP,1,Justin Morneau,MIN,AL,320.0
2006,MVP,2,Derek Jeter,NYY,AL,306.0
2006,MVP,3,David Ortiz,BOS,AL,193.0
2006,MVP,4,Frank Thomas,OAK,AL,174.0
2006,MVP,5,Jermaine Dye,CHW,AL,156.0
2006,MVP,6,Joe Mauer,MIN,AL,116.0
2006,MVP,7,Johan Santana,MIN,AL,114.0
2006,MVP,8,Travis Hafner,CLE,AL,64.0
2006,MVP,9,Vladimir Guerrero,LAA,AL,46.0
2006,MVP,10,Carlos Guillen,DET,AL,34.0
2006,MVP,11,Grady Sizemore,CLE,AL,24.0
2006,MVP,12,Jim Thome,CHW,AL,17.0
2006,MVP,13,Alex Rodriguez,NYY,AL,13.0
2006,MVP,14,Jason Giambi,NYY,AL,9.0
2006,MVP,15,Johnny Damon,NYY,AL,7.0
2006,MVP,15,Ichiro Suzuki,SEA,AL,7.0
2006,MVP,15,Justin Verlander,DET,AL,7.0
2006,MVP,18,Joe Nathan,MIN,AL,6.0
2006,MVP,18,Manny Ramirez,BOS,AL,6.0
2006,MVP,20,Miguel Tejada,BAL,AL,5.0
2006,MVP,21,Raul Ibanez,SEA,AL,4.0
2006,MVP,22,Robinson Cano,NYY,AL,3.0
2006,MVP,22,Paul Konerko,CHW,AL,3.0
2006,MVP,22,Magglio Ordonez,DET,AL,3.0
2006,MVP,22,Vernon Wells,TOR,AL,3.0
2006,MVP,26,Carl Crawford,TBD,AL,2.0
2006,MVP,26,Mariano Rivera,NYY,AL,2.0
2006,MVP,26,Kenny Rogers,DET,AL,2.0
2006,MVP,26,Chien-Ming Wang,NYY,AL,2.0
2006,MVP,30,Troy Glaus,TOR,AL,1.0
2006,MVP,30,Gary Matthews,TEX,AL,1.0
2006,MVP,30,A.J. Pierzynski,CHW,AL,1.0
2006,MVP,30,Michael Young,TEX,AL,1.0
2006,MVP,1,Ryan Howard,PHI,NL,388.0
2006,MVP,2,Albert Pujols,STL,NL,347.0
2006,MVP,3,Lance Berkman,HOU,NL,230.0
2006,MVP,4,Carlos Beltran,NYM,NL,211.0
2006,MVP,5,Miguel Cabrera,FLA,NL,170.0
2006,MVP,6,Alfonso Soriano,WSN,NL,106.0
2006,MVP,7,Jose Reyes,NYM,NL,98.0
2006,MVP,7,Chase Utley,PHI,NL,98.0
2006,MVP,9,David Wright,NYM,NL,70.0
2006,MVP,10,Trevor Hoffman,SDP,NL,46.0
2006,MVP,11,Andruw Jones,ATL,NL,29.0
2006,MVP,12,Carlos Delgado,NYM,NL,23.0
2006,MVP,13,Nomar Garciaparra,LAD,NL,18.0
2006,MVP,14,Rafael Furcal,LAD,NL,11.0
2006,MVP,15,Garrett Atkins,COL,NL,10.0
2006,MVP,15,Matt Holliday,COL,NL,10.0
2006,MVP,17,Aramis Ramirez,CHC,NL,5.0
2006,MVP,17,Freddy Sanchez,PIT,NL,5.0
2006,MVP,19,Chris Carpenter,STL,NL,4.0
2006,MVP,20,Chipper Jones,ATL,NL,3.0
2006,MVP,21,Mike Cameron,SDP,NL,2.0
2006,MVP,21,Jimmy Rollins,PHI,NL,2.0
2006,MVP,23,Bronson Arroyo,CIN,NL,1.0
2006,MVP,23,Jason Bay,PIT,NL,1.0
2006,CyYoung,1,Johan Santana,MIN,AL,140.0
2006,CyYoung,2,Chien-Ming Wang,NYY,AL,51.0
2006,CyYoung,3,Roy Halladay,TOR,AL,48.0
2006,CyYoung,4,Francisco Rodriguez,LAA,AL,5.0
2006,CyYoung,5,Joe Nathan,MIN,AL,3.0
2006,CyYoung,5,Kenny Rogers,DET,AL,3.0
2006,CyYoung,7,Justin Verlander,DET,AL,2.0
2006,CyYoung,1,Brandon Webb,ARI,NL,103.0
2006,CyYoung,2,Trevor Hoffman,SDP,NL,77.0
2006,CyYoung,3,Chris Carpenter,STL,NL,63.0
2006,CyYoung,4,Roy Oswalt,HOU,NL,31.0
2006,CyYoung,5,Carlos Zambrano,CHC,NL,6.0
2006,CyYoung,6,Billy Wagner,NYM,NL,4.0
2006,CyYoung,7,John Smoltz,ATL,NL,3.0
2006,CyYoung,8,Takashi Saito,LAD,NL,1.0
2006,RookieoftheYear,1,Justin Verlander,DET,AL,133.0
2006,RookieoftheYear,2,Jonathan Papelbon,BOS,AL,63.0
2006,RookieoftheYear,3,Francisco Liriano,MIN,AL,30.0
2006,RookieoftheYear,4,Kenji Johjima,SEA,AL,10.0
2006,RookieoftheYear,5,Jered Weaver,LAA,AL,8.0
2006,RookieoftheYear,6,Nick Markakis,BAL,AL,7.0
2006,RookieoftheYear,7,Ian Kinsler,TEX,AL,1.0
2006,RookieoftheYear,1,Hanley Ramirez,FLA,NL,105.0
2006,RookieoftheYear,2,Ryan Zimmerman,WSN,NL,101.0
2006,RookieoftheYear,3,Dan Uggla,FLA,NL,55.0
2006,RookieoftheYear,4,Josh Johnson,FLA,NL,11.0
2006,RookieoftheYear,5,Matt Cain,SFG,NL,4.0
2006,RookieoftheYear,5,Andre Ethier,LAD,NL,4.0
2006,RookieoftheYear,7,Prince Fielder,MIL,NL,2.0
2006,RookieoftheYear,7,Takashi Saito,LAD,NL,2.0
2006,RookieoftheYear,9,Russell Martin,LAD,NL,1.0
2006,RookieoftheYear,9,Scott Olsen,FLA,NL,1.0
2006,RookieoftheYear,9,Anibal Sanchez,FLA,NL,1.0
2006,RookieoftheYear,9,Josh Willingham,FLA,NL,1.0
2006,MgroftheYear,1,Jim Leyland,DET,AL,118.0
2006,MgroftheYear,2,Ron Gardenhire,MIN,AL,93.0
2006,MgroftheYear,3,Ken Macha,OAK,AL,26.0
2006,MgroftheYear,4,Joe Torre,NYY,AL,15.0
2006,MgroftheYear,1,Joe Girardi,FLA,NL,111.0
2006,MgroftheYear,2,Willie Randolph,NYM,NL,81.0
2006,MgroftheYear,3,Bruce Bochy,SDP,NL,50.0
2006,MgroftheYear,4,Grady Little,LAD,NL,30.0
2006,MgroftheYear,5,Charlie Manuel,PHI,NL,9.0
2006,MgroftheYear,6,Jerry Narron,CIN,NL,6.0
2006,MgroftheYear,7,Phil Garner,HOU,NL,1.0
2007,MVP,1,Alex Rodriguez,NYY,AL,382.0
2007,MVP,2,Magglio Ordonez,DET,AL,258.0
2007,MVP,3,Vladimir Guerrero,LAA,AL,203.0
2007,MVP,4,David Ortiz,BOS,AL,177.0
2007,MVP,5,Mike Lowell,BOS,AL,126.0
2007,MVP,6,Jorge Posada,NYY,AL,112.0
2007,MVP,7,Victor Martinez,CLE,AL,103.0
2007,MVP,8,Ichiro Suzuki,SEA,AL,89.0
2007,MVP,9,Carlos Pena,TBD,AL,64.0
2007,MVP,10,Curtis Granderson,DET,AL,51.0
2007,MVP,11,Derek Jeter,NYY,AL,17.0
2007,MVP,12,Grady Sizemore,CLE,AL,15.0
2007,MVP,13,J.J. Putz,SEA,AL,12.0
2007,MVP,14,CC Sabathia,CLE,AL,11.0
2007,MVP,15,Orlando Cabrera,LAA,AL,5.0
2007,MVP,15,Torii Hunter,MIN,AL,5.0
2007,MVP,17,Bobby Abreu,NYY,AL,4.0
2007,MVP,17,John Lackey,LAA,AL,4.0
2007,MVP,17,Placido Polanco,DET,AL,4.0
2007,MVP,20,Chone Figgins,LAA,AL,3.0
2007,MVP,20,Justin Morneau,MIN,AL,3.0
2007,MVP,22,Josh Beckett,BOS,AL,2.0
2007,MVP,23,Roberto Hernandez,CLE,AL,1.0
2007,MVP,23,Frank Thomas,TOR,AL,1.0
2007,MVP,1,Jimmy Rollins,PHI,NL,353.0
2007,MVP,2,Matt Holliday,COL,NL,336.0
2007,MVP,3,Prince Fielder,MIL,NL,284.0
2007,MVP,4,David Wright,NYM,NL,182.0
2007,MVP,5,Ryan Howard,PHI,NL,112.0
2007,MVP,6,Chipper Jones,ATL,NL,107.0
2007,MVP,7,Jake Peavy,SDP,NL,97.0
2007,MVP,8,Chase Utley,PHI,NL,89.0
2007,MVP,9,Albert Pujols,STL,NL,50.0
2007,MVP,10,Hanley Ramirez,FLA,NL,49.0
2007,MVP,11,Eric Byrnes,ARI,NL,43.0
2007,MVP,12,Alfonso Soriano,CHC,NL,39.0
2007,MVP,13,Aramis Ramirez,CHC,NL,36.0
2007,MVP,14,Jose Valverde,ARI,NL,19.0
2007,MVP,15,Miguel Cabrera,FLA,NL,18.0
2007,MVP,16,Jose Reyes,NYM,NL,16.0
2007,MVP,17,Brandon Webb,ARI,NL,15.0
2007,MVP,18,Troy Tulowitzki,COL,NL,13.0
2007,MVP,19,Carlos Lee,HOU,NL,7.0
2007,MVP,20,Carlos Beltran,NYM,NL,6.0
2007,MVP,20,Adrian Gonzalez,SDP,NL,6.0
2007,MVP,22,Brandon Phillips,CIN,NL,3.0
2007,MVP,22,Aaron Rowand,PHI,NL,3.0
2007,MVP,24,Ryan Braun,MIL,NL,2.0
2007,MVP,24,Brad Hawpe,COL,NL,2.0
2007,MVP,26,Carlos Marmol,CHC,NL,1.0
2007,CyYoung,1,CC Sabathia,CLE,AL,119.0
2007,CyYoung,2,Josh Beckett,BOS,AL,86.0
2007,CyYoung,3,John Lackey,LAA,AL,36.0
2007,CyYoung,4,Roberto Hernandez,CLE,AL,7.0
2007,CyYoung,5,Erik Bedard,BAL,AL,1.0
2007,CyYoung,5,Roy Halladay,TOR,AL,1.0
2007,CyYoung,5,Johan Santana,MIN,AL,1.0
2007,CyYoung,5,Justin Verlander,DET,AL,1.0
2007,CyYoung,1,Jake Peavy,SDP,NL,160.0
2007,CyYoung,2,Brandon Webb,ARI,NL,94.0
2007,CyYoung,3,Brad Penny,LAD,NL,14.0
2007,CyYoung,4,Aaron Harang,CIN,NL,10.0
2007,CyYoung,5,Carlos Zambrano,CHC,NL,3.0
2007,CyYoung,6,Cole Hamels,PHI,NL,2.0
2007,CyYoung,6,John Smoltz,ATL,NL,2.0
2007,CyYoung,6,Jose Valverde,ARI,NL,2.0
2007,CyYoung,9,Jeff Francis,COL,NL,1.0
2007,RookieoftheYear,1,Dustin Pedroia,BOS,AL,132.0
2007,RookieoftheYear,2,Delmon Young,TBD,AL,56.0
2007,RookieoftheYear,3,Brian Bannister,KCR,AL,36.0
2007,RookieoftheYear,4,Daisuke Matsuzaka,BOS,AL,12.0
2007,RookieoftheYear,5,Reggie Willits,LAA,AL,11.0
2007,RookieoftheYear,6,Hideki Okajima,BOS,AL,3.0
2007,RookieoftheYear,7,Josh Fields,CHW,AL,1.0
2007,RookieoftheYear,7,Joakim Soria,KCR,AL,1.0
2007,RookieoftheYear,1,Ryan Braun,MIL,NL,128.0
2007,RookieoftheYear,2,Troy Tulowitzki,COL,NL,126.0
2007,RookieoftheYear,3,Hunter Pence,HOU,NL,15.0
2007,RookieoftheYear,4,Chris Young,ARI,NL,10.0
2007,RookieoftheYear,5,Kyle Kendrick,PHI,NL,7.0
2007,RookieoftheYear,6,Yunel Escobar,ATL,NL,1.0
2007,RookieoftheYear,6,James Loney,LAD,NL,1.0
2007,MgroftheYear,1,Eric Wedge,CLE,AL,116.0
2007,MgroftheYear,2,Mike Scioscia,LAA,AL,62.0
2007,MgroftheYear,3,Joe Torre,NYY,AL,61.0
2007,MgroftheYear,4,Terry Francona,BOS,AL,13.0
2007,MgroftheYear,1,Bob Melvin,ARI,NL,119.0
2007,MgroftheYear,2,Charlie Manuel,PHI,NL,76.0
2007,MgroftheYear,3,Clint Hurdle,COL,NL,58.0
2007,MgroftheYear,4,Lou Piniella,CHC,NL,25.0
2007,MgroftheYear,5,Manny Acta,WSN,NL,4.0
2007,MgroftheYear,5,Bud Black,SDP,NL,4.0
2007,MgroftheYear,7,Ned Yost,MIL,NL,2.0
2008,MVP,1,Dustin Pedroia,BOS,AL,317.0
2008,MVP,2,Justin Morneau,MIN,AL,257.0
2008,MVP,3,Kevin Youkilis,BOS,AL,201.0
2008,MVP,4,Joe Mauer,MIN,AL,188.0
2008,MVP,5,Carlos Quentin,CHW,AL,160.0
2008,MVP,6,Francisco Rodriguez,LAA,AL,143.0
2008,MVP,7,Josh Hamilton,TEX,AL,112.0
2008,MVP,8,Alex Rodriguez,NYY,AL,45.0
2008,MVP,9,Carlos Pena,TBR,AL,44.0
2008,MVP,10,Grady Sizemore,CLE,AL,42.0
2008,MVP,11,Evan Longoria,TBR,AL,38.0
2008,MVP,12,Cliff Lee,CLE,AL,24.0
2008,MVP,13,Miguel Cabrera,DET,AL,17.0
2008,MVP,14,Vladimir Guerrero,LAA,AL,16.0
2008,MVP,15,Jermaine Dye,CHW,AL,14.0
2008,MVP,16,Aubrey Huff,BAL,AL,12.0
2008,MVP,17,Milton Bradley,TEX,AL,9.0
2008,MVP,18,Jason Bartlett,TBR,AL,6.0
2008,MVP,19,Mike Mussina,NYY,AL,3.0
2008,MVP,20,Raul Ibanez,SEA,AL,1.0
2008,MVP,20,Ian Kinsler,TEX,AL,1.0
2008,MVP,20,Ichiro Suzuki,SEA,AL,1.0
2008,MVP,20,Mark Teixeira,LAA,AL,1.0
2008,MVP,1,Albert Pujols,STL,NL,369.0
2008,MVP,2,Ryan Howard,PHI,NL,308.0
2008,MVP,3,Ryan Braun,MIL,NL,139.0
2008,MVP,4,Manny Ramirez,LAD,NL,138.0
2008,MVP,5,Lance Berkman,HOU,NL,126.0
2008,MVP,6,CC Sabathia,MIL,NL,121.0
2008,MVP,7,David Wright,NYM,NL,115.0
2008,MVP,8,Brad Lidge,PHI,NL,104.0
2008,MVP,9,Carlos Delgado,NYM,NL,96.0
2008,MVP,10,Aramis Ramirez,CHC,NL,66.0
2008,MVP,11,Hanley Ramirez,FLA,NL,55.0
2008,MVP,12,Chipper Jones,ATL,NL,44.0
2008,MVP,13,Geovany Soto,CHC,NL,41.0
2008,MVP,14,Johan Santana,NYM,NL,30.0
2008,MVP,14,Chase Utley,PHI,NL,30.0
2008,MVP,16,Ryan Ludwick,STL,NL,17.0
2008,MVP,17,Brandon Webb,ARI,NL,14.0
2008,MVP,18,Adrian Gonzalez,SDP,NL,13.0
2008,MVP,18,Matt Holliday,COL,NL,13.0
2008,MVP,20,Prince Fielder,MIL,NL,11.0
2008,MVP,21,Carlos Beltran,NYM,NL,10.0
2008,MVP,21,Derrek Lee,CHC,NL,10.0
2008,MVP,23,Tim Lincecum,SFG,NL,9.0
2008,MVP,24,Jose Reyes,NYM,NL,3.0
2008,MVP,24,Jose Valverde,HOU,NL,3.0
2008,MVP,26,Stephen Drew,ARI,NL,2.0
2008,MVP,27,Nate McLouth,PIT,NL,1.0
2008,CyYoung,1,Cliff Lee,CLE,AL,132.0
2008,CyYoung,2,Roy Halladay,TOR,AL,71.0
2008,CyYoung,3,Francisco Rodriguez,LAA,AL,32.0
2008,CyYoung,4,Daisuke Matsuzaka,BOS,AL,10.0
2008,CyYoung,5,Mariano Rivera,NYY,AL,3.0
2008,CyYoung,6,Mike Mussina,NYY,AL,2.0
2008,CyYoung,6,Ervin Santana,LAA,AL,2.0
2008,CyYoung,1,Tim Lincecum,SFG,NL,137.0
2008,CyYoung,2,Brandon Webb,ARI,NL,73.0
2008,CyYoung,3,Johan Santana,NYM,NL,55.0
2008,CyYoung,4,Brad Lidge,PHI,NL,10.0
2008,CyYoung,5,CC Sabathia,MIL,NL,9.0
2008,CyYoung,6,Ryan Dempster,CHC,NL,4.0
2008,RookieoftheYear,1,Evan Longoria,TBR,AL,140.0
2008,RookieoftheYear,2,Alexei Ramirez,CHW,AL,59.0
2008,RookieoftheYear,3,Jacoby Ellsbury,BOS,AL,26.0
2008,RookieoftheYear,4,Mike Aviles,KCR,AL,9.0
2008,RookieoftheYear,4,Armando Galarraga,DET,AL,9.0
2008,RookieoftheYear,6,Joey Devine,OAK,AL,3.0
2008,RookieoftheYear,6,Denard Span,MIN,AL,3.0
2008,RookieoftheYear,8,Nick Blackburn,MIN,AL,1.0
2008,RookieoftheYear,8,Joba Chamberlain,NYY,AL,1.0
2008,RookieoftheYear,8,Brad Ziegler,OAK,AL,1.0
2008,RookieoftheYear,1,Geovany Soto,CHC,NL,158.0
2008,RookieoftheYear,2,Joey Votto,CIN,NL,76.0
2008,RookieoftheYear,3,Jair Jurrjens,ATL,NL,34.0
2008,RookieoftheYear,4,Edinson Volquez,CIN,NL,9.0
2008,RookieoftheYear,5,Jay Bruce,CIN,NL,7.0
2008,RookieoftheYear,6,Kosuke Fukudome,CHC,NL,4.0
2008,MgroftheYear,1,Joe Maddon,TBR,AL,138.0
2008,MgroftheYear,2,Ron Gardenhire,MIN,AL,58.0
2008,MgroftheYear,3,Mike Scioscia,LAA,AL,45.0
2008,MgroftheYear,4,Terry Francona,BOS,AL,6.0
2008,MgroftheYear,5,Ozzie Guillen,CHW,AL,3.0
2008,MgroftheYear,6,Cito Gaston,TOR,AL,2.0
2008,MgroftheYear,1,Lou Piniella,CHC,NL,103.0
2008,MgroftheYear,2,Charlie Manuel,PHI,NL,67.0
2008,MgroftheYear,3,Fredi Gonzalez,FLA,NL,48.0
2008,MgroftheYear,4,Joe Torre,LAD,NL,45.0
2008,MgroftheYear,5,Tony La Russa,STL,NL,11.0
2008,MgroftheYear,6,Jerry Manuel,NYM,NL,10.0
2008,MgroftheYear,7,Cecil Cooper,HOU,NL,3.0
2008,MgroftheYear,8,Dale Sveum,MIL,NL,1.0
2009,MVP,1,Joe Mauer,MIN,AL,387.0
2009,MVP,2,Mark Teixeira,NYY,AL,225.0
2009,MVP,3,Derek Jeter,NYY,AL,193.0
2009,MVP,4,Miguel Cabrera,DET,AL,171.0
2009,MVP,5,Kendrys Morales,LAA,AL,170.0
2009,MVP,6,Kevin Youkilis,BOS,AL,150.0
2009,MVP,7,Jason Bay,BOS,AL,78.0
2009,MVP,8,Ben Zobrist,TBR,AL,34.0
2009,MVP,9,Ichiro Suzuki,SEA,AL,33.0
2009,MVP,10,Chone Figgins,LAA,AL,31.0
2009,MVP,10,Alex Rodriguez,NYY,AL,31.0
2009,MVP,12,Bobby Abreu,LAA,AL,23.0
2009,MVP,12,Aaron Hill,TOR,AL,23.0
2009,MVP,14,Mariano Rivera,NYY,AL,17.0
2009,MVP,15,Adam Lind,TOR,AL,14.0
2009,MVP,16,Michael Young,TEX,AL,13.0
2009,MVP,17,Robinson Cano,NYY,AL,12.0
2009,MVP,17,Zack Greinke,KCR,AL,12.0
2009,MVP,19,Evan Longoria,TBR,AL,9.0
2009,MVP,20,Justin Verlander,DET,AL,7.0
2009,MVP,21,Michael Cuddyer,MIN,AL,4.0
2009,MVP,21,Victor Martinez,TOT,AL,4.0
2009,MVP,21,CC Sabathia,NYY,AL,4.0
2009,MVP,24,Jason Kubel,MIN,AL,3.0
2009,MVP,25,Placido Polanco,DET,AL,2.0
2009,MVP,26,Felix Hernandez,SEA,AL,1.0
2009,MVP,26,Ian Kinsler,TEX,AL,1.0
2009,MVP,1,Albert Pujols,STL,NL,448.0
2009,MVP,2,Hanley Ramirez,FLA,NL,233.0
2009,MVP,3,Ryan Howard,PHI,NL,217.0
2009,MVP,4,Prince Fielder,MIL,NL,203.0
2009,MVP,5,Troy Tulowitzki,COL,NL,172.0
2009,MVP,6,Andre Ethier,LAD,NL,113.0
2009,MVP,7,Pablo Sandoval,SFG,NL,89.0
2009,MVP,8,Chase Utley,PHI,NL,84.0
2009,MVP,9,Derrek Lee,CHC,NL,66.0
2009,MVP,10,Matt Kemp,LAD,NL,49.0
2009,MVP,11,Ryan Braun,MIL,NL,43.0
2009,MVP,12,Adrian Gonzalez,SDP,NL,30.0
2009,MVP,13,Todd Helton,COL,NL,28.0
2009,MVP,14,Chris Carpenter,STL,NL,25.0
2009,MVP,15,Adam Wainwright,STL,NL,16.0
2009,MVP,16,Matt Holliday,STL,NL,15.0
2009,MVP,17,Jayson Werth,PHI,NL,10.0
2009,MVP,18,Tim Lincecum,SFG,NL,8.0
2009,MVP,18,Shane Victorino,PHI,NL,8.0
2009,MVP,20,Yunel Escobar,ATL,NL,6.0
2009,MVP,20,Mark Reynolds,ARI,NL,6.0
2009,MVP,22,Joey Votto,CIN,NL,4.0
2009,MVP,23,Yadier Molina,STL,NL,3.0
2009,MVP,23,Miguel Tejada,HOU,NL,3.0
2009,MVP,25,Huston Street,COL,NL,2.0
2009,MVP,25,Justin Upton,ARI,NL,2.0
2009,MVP,25,Ryan Zimmerman,WSN,NL,2.0
2009,MVP,28,Jeremy Affeldt,SFG,NL,1.0
2009,MVP,28,Chris Coghlan,FLA,NL,1.0
2009,MVP,28,Brad Hawpe,COL,NL,1.0
2009,CyYoung,1,Zack Greinke,KCR,AL,134.0
2009,CyYoung,2,Felix Hernandez,SEA,AL,80.0
2009,CyYoung,3,Justin Verlander,DET,AL,14.0
2009,CyYoung,4,CC Sabathia,NYY,AL,13.0
2009,CyYoung,5,Roy Halladay,TOR,AL,11.0
2009,CyYoung,1,Tim Lincecum,SFG,NL,100.0
2009,CyYoung,2,Chris Carpenter,STL,NL,94.0
2009,CyYoung,3,Adam Wainwright,STL,NL,90.0
2009,CyYoung,4,Javier Vazquez,ATL,NL,3.0
2009,CyYoung,5,Dan Haren,ARI,NL,1.0
2009,RookieoftheYear,1,Andrew Bailey,OAK,AL,88.0
2009,RookieoftheYear,2,Elvis Andrus,TEX,AL,65.0
2009,RookieoftheYear,3,Rick Porcello,DET,AL,64.0
2009,RookieoftheYear,4,Jeff Niemann,TBR,AL,21.0
2009,RookieoftheYear,5,Gordon Beckham,CHW,AL,10.0
2009,RookieoftheYear,6,Brett Anderson,OAK,AL,4.0
2009,RookieoftheYear,1,Chris Coghlan,FLA,NL,105.0
2009,RookieoftheYear,2,J.A. Happ,PHI,NL,94.0
2009,RookieoftheYear,3,Tommy Hanson,ATL,NL,37.0
2009,RookieoftheYear,4,Andrew McCutchen,PIT,NL,25.0
2009,RookieoftheYear,5,Casey McGehee,MIL,NL,18.0
2009,RookieoftheYear,6,Randy Wells,CHC,NL,3.0
2009,RookieoftheYear,7,Garrett Jones,PIT,NL,2.0
2009,RookieoftheYear,8,Everth Cabrera,SDP,NL,1.0
2009,RookieoftheYear,8,Dexter Fowler,COL,NL,1.0
2009,RookieoftheYear,8,Gerardo Parra,ARI,NL,1.0
2009,RookieoftheYear,8,Colby Rasmus,STL,NL,1.0
2009,MgroftheYear,1,Mike Scioscia,LAA,AL,106.0
2009,MgroftheYear,2,Ron Gardenhire,MIN,AL,72.0
2009,MgroftheYear,3,Joe Girardi,NYY,AL,34.0
2009,MgroftheYear,4,Don Wakamatsu,SEA,AL,19.0
2009,MgroftheYear,4,Ron Washington,TEX,AL,19.0
2009,MgroftheYear,6,Jim Leyland,DET,AL,2.0
2009,MgroftheYear,1,Jim Tracy,COL,NL,151.0
2009,MgroftheYear,2,Tony La Russa,STL,NL,55.0
2009,MgroftheYear,3,Joe Torre,LAD,NL,33.0
2009,MgroftheYear,4,Bruce Bochy,SFG,NL,18.0
2009,MgroftheYear,5,Bobby Cox,ATL,NL,15.0
2009,MgroftheYear,6,Charlie Manuel,PHI,NL,10.0
2009,MgroftheYear,7,Fredi Gonzalez,FLA,NL,4.0
2009,MgroftheYear,8,Bud Black,SDP,NL,2.0
2010,MVP,1,Josh Hamilton,TEX,AL,358.0
2010,MVP,2,Miguel Cabrera,DET,AL,262.0
2010,MVP,3,Robinson Cano,NYY,AL,229.0
2010,MVP,4,Jose Bautista,TOR,AL,165.0
2010,MVP,5,Paul Konerko,CHW,AL,130.0
2010,MVP,6,Evan Longoria,TBR,AL,100.0
2010,MVP,7,Carl Crawford,TBR,AL,98.0
2010,MVP,8,Joe Mauer,MIN,AL,97.0
2010,MVP,9,Adrian Beltre,BOS,AL,83.0
2010,MVP,10,Delmon Young,MIN,AL,44.0
2010,MVP,11,Vladimir Guerrero,TEX,AL,22.0
2010,MVP,12,Rafael Soriano,TBR,AL,21.0
2010,MVP,13,CC Sabathia,NYY,AL,13.0
2010,MVP,14,Shin-Soo Choo,CLE,AL,9.0
2010,MVP,15,Alex Rodriguez,NYY,AL,8.0
2010,MVP,16,Felix Hernandez,SEA,AL,6.0
2010,MVP,17,Ichiro Suzuki,SEA,AL,3.0
2010,MVP,18,Jim Thome,MIN,AL,2.0
2010,MVP,19,Joakim Soria,KCR,AL,1.0
2010,MVP,19,Mark Teixeira,NYY,AL,1.0
2010,MVP,1,Joey Votto,CIN,NL,443.0
2010,MVP,2,Albert Pujols,STL,NL,279.0
2010,MVP,3,Carlos Gonzalez,COL,NL,240.0
2010,MVP,4,Adrian Gonzalez,SDP,NL,197.0
2010,MVP,5,Troy Tulowitzki,COL,NL,132.0
2010,MVP,6,Roy Halladay,PHI,NL,130.0
2010,MVP,7,Aubrey Huff,SFG,NL,70.0
2010,MVP,8,Jayson Werth,PHI,NL,52.0
2010,MVP,9,Martin Prado,ATL,NL,51.0
2010,MVP,10,Ryan Howard,PHI,NL,50.0
2010,MVP,11,Buster Posey,SFG,NL,40.0
2010,MVP,12,Matt Holliday,STL,NL,32.0
2010,MVP,13,Brian Wilson,SFG,NL,28.0
2010,MVP,14,Scott Rolen,CIN,NL,26.0
2010,MVP,15,Ryan Braun,MIL,NL,19.0
2010,MVP,16,Ryan Zimmerman,WSN,NL,18.0
2010,MVP,17,Carlos Ruiz,PHI,NL,12.0
2010,MVP,17,Dan Uggla,FLA,NL,12.0
2010,MVP,17,Adam Wainwright,STL,NL,12.0
2010,MVP,20,Jason Heyward,ATL,NL,11.0
2010,MVP,21,Adam Dunn,WSN,NL,9.0
2010,MVP,21,Brian McCann,ATL,NL,9.0
2010,MVP,23,Ubaldo Jimenez,COL,NL,7.0
2010,MVP,24,David Wright,NYM,NL,3.0
2010,MVP,25,Heath Bell,SDP,NL,2.0
2010,MVP,25,Corey Hart,MIL,NL,2.0
2010,MVP,25,Josh Johnson,FLA,NL,2.0
2010,CyYoung,1,Felix Hernandez,SEA,AL,167.0
2010,CyYoung,2,David Price,TBR,AL,111.0
2010,CyYoung,3,CC Sabathia,NYY,AL,102.0
2010,CyYoung,4,Jon Lester,BOS,AL,33.0
2010,CyYoung,5,Jered Weaver,LAA,AL,24.0
2010,CyYoung,6,Clay Buchholz,BOS,AL,20.0
2010,CyYoung,7,Cliff Lee,TOT,AL,6.0
2010,CyYoung,8,Rafael Soriano,TBR,AL,5.0
2010,CyYoung,9,Trevor Cahill,OAK,AL,4.0
2010,CyYoung,10,Joakim Soria,KCR,AL,2.0
2010,CyYoung,11,Francisco Liriano,MIN,AL,1.0
2010,CyYoung,11,Justin Verlander,DET,AL,1.0
2010,CyYoung,1,Roy Halladay,PHI,NL,224.0
2010,CyYoung,2,Adam Wainwright,STL,NL,122.0
2010,CyYoung,3,Ubaldo Jimenez,COL,NL,90.0
2010,CyYoung,4,Tim Hudson,ATL,NL,39.0
2010,CyYoung,5,Josh Johnson,FLA,NL,34.0
2010,CyYoung,6,Roy Oswalt,TOT,NL,14.0
2010,CyYoung,7,Brian Wilson,SFG,NL,7.0
2010,CyYoung,8,Heath Bell,SDP,NL,4.0
2010,CyYoung,8,Mat Latos,SDP,NL,4.0
2010,CyYoung,10,Tim Lincecum,SFG,NL,2.0
2010,CyYoung,10,Brett Myers,HOU,NL,2.0
2010,CyYoung,12,Bronson Arroyo,CIN,NL,1.0
2010,CyYoung,12,Matt Cain,SFG,NL,1.0
2010,RookieoftheYear,1,Neftali Feliz,TEX,AL,122.0
2010,RookieoftheYear,2,Austin Jackson,DET,AL,98.0
2010,RookieoftheYear,3,Danny Valencia,MIN,AL,12.0
2010,RookieoftheYear,4,Wade Davis,TBR,AL,11.0
2010,RookieoftheYear,5,Brennan Boesch,DET,AL,3.0
2010,RookieoftheYear,5,John Jaso,TBR,AL,3.0
2010,RookieoftheYear,5,Brian Matusz,BAL,AL,3.0
2010,RookieoftheYear,1,Buster Posey,SFG,NL,129.0
2010,RookieoftheYear,2,Jason Heyward,ATL,NL,107.0
2010,RookieoftheYear,3,Jaime Garcia,STL,NL,24.0
2010,RookieoftheYear,4,Gaby Sanchez,FLA,NL,18.0
2010,RookieoftheYear,5,Starlin Castro,CHC,NL,3.0
2010,RookieoftheYear,5,Neil Walker,PIT,NL,3.0
2010,RookieoftheYear,7,Ike Davis,NYM,NL,2.0
2010,RookieoftheYear,8,Jose Tabata,PIT,NL,1.0
2010,RookieoftheYear,8,Jonny Venters,ATL,NL,1.0
2010,MgroftheYear,1,Ron Gardenhire,MIN,AL,108.0
2010,MgroftheYear,2,Ron Washington,TEX,AL,81.0
2010,MgroftheYear,3,Joe Maddon,TBR,AL,44.0
2010,MgroftheYear,4,Terry Francona,BOS,AL,13.0
2010,MgroftheYear,5,Cito Gaston,TOR,AL,5.0
2010,MgroftheYear,6,Joe Girardi,NYY,AL,1.0
2010,MgroftheYear,1,Bud Black,SDP,NL,104.0
2010,MgroftheYear,2,Dusty Baker,CIN,NL,103.0
2010,MgroftheYear,3,Bruce Bochy,SFG,NL,30.0
2010,MgroftheYear,4,Bobby Cox,ATL,NL,28.0
2010,MgroftheYear,5,Charlie Manuel,PHI,NL,20.0
2010,MgroftheYear,6,Brad Mills,HOU,NL,3.0
2011,MVP,1,Justin Verlander,DET,AL,280.0
2011,MVP,2,Jacoby Ellsbury,BOS,AL,242.0
2011,MVP,3,Jose Bautista,TOR,AL,231.0
2011,MVP,4,Curtis Granderson,NYY,AL,215.0
2011,MVP,5,Miguel Cabrera,DET,AL,193.0
2011,MVP,6,Robinson Cano,NYY,AL,112.0
2011,MVP,7,Adrian Gonzalez,BOS,AL,105.0
2011,MVP,8,Michael Young,TEX,AL,96.0
2011,MVP,9,Dustin Pedroia,BOS,AL,48.0
2011,MVP,10,Evan Longoria,TBR,AL,27.0
2011,MVP,11,Ian Kinsler,TEX,AL,25.0
2011,MVP,12,Alex Avila,DET,AL,13.0
2011,MVP,13,Paul Konerko,CHW,AL,11.0
2011,MVP,14,CC Sabathia,NYY,AL,10.0
2011,MVP,15,Adrian Beltre,TEX,AL,9.0
2011,MVP,16,Victor Martinez,DET,AL,7.0
2011,MVP,16,James Shields,TBR,AL,7.0
2011,MVP,16,Ben Zobrist,TBR,AL,7.0
2011,MVP,19,Mark Teixeira,NYY,AL,5.0
2011,MVP,20,Asdrubal Cabrera,CLE,AL,4.0
2011,MVP,21,Alex Gordon,KCR,AL,3.0
2011,MVP,22,Josh Hamilton,TEX,AL,1.0
2011,MVP,22,David Robertson,NYY,AL,1.0
2011,MVP,1,Ryan Braun,MIL,NL,388.0
2011,MVP,2,Matt Kemp,LAD,NL,332.0
2011,MVP,3,Prince Fielder,MIL,NL,229.0
2011,MVP,4,Justin Upton,ARI,NL,214.0
2011,MVP,5,Albert Pujols,STL,NL,166.0
2011,MVP,6,Joey Votto,CIN,NL,135.0
2011,MVP,7,Lance Berkman,STL,NL,118.0
2011,MVP,8,Troy Tulowitzki,COL,NL,69.0
2011,MVP,9,Roy Halladay,PHI,NL,52.0
2011,MVP,10,Ryan Howard,PHI,NL,39.0
2011,MVP,11,Jose Reyes,NYM,NL,31.0
2011,MVP,12,Clayton Kershaw,LAD,NL,29.0
2011,MVP,13,Shane Victorino,PHI,NL,18.0
2011,MVP,14,Ian Kennedy,ARI,NL,16.0
2011,MVP,15,Cliff Lee,PHI,NL,12.0
2011,MVP,16,Hunter Pence,TOT,NL,10.0
2011,MVP,17,John Axford,MIL,NL,7.0
2011,MVP,17,Pablo Sandoval,SFG,NL,7.0
2011,MVP,19,Mike Morse,WSN,NL,5.0
2011,MVP,20,Carlos Beltran,TOT,NL,3.0
2011,MVP,21,Yadier Molina,STL,NL,2.0
2011,MVP,21,Miguel Montero,ARI,NL,2.0
2011,MVP,23,Starlin Castro,CHC,NL,1.0
2011,MVP,23,Craig Kimbrel,ATL,NL,1.0
2011,MVP,23,Carlos Ruiz,PHI,NL,1.0
2011,MVP,23,Giancarlo Stanton,FLA,NL,1.0
2011,CyYoung,1,Justin Verlander,DET,AL,196.0
2011,CyYoung,2,Jered Weaver,LAA,AL,97.0
2011,CyYoung,3,James Shields,TBR,AL,66.0
2011,CyYoung,4,CC Sabathia,NYY,AL,63.0
2011,CyYoung,5,Jose Valverde,DET,AL,28.0
2011,CyYoung,6,C.J. Wilson,TEX,AL,9.0
2011,CyYoung,7,Dan Haren,LAA,AL,7.0
2011,CyYoung,8,Mariano Rivera,NYY,AL,4.0
2011,CyYoung,9,Josh Beckett,BOS,AL,3.0
2011,CyYoung,10,Ricky Romero,TOR,AL,2.0
2011,CyYoung,11,David Robertson,NYY,AL,1.0
2011,CyYoung,1,Clayton Kershaw,LAD,NL,207.0
2011,CyYoung,2,Roy Halladay,PHI,NL,133.0
2011,CyYoung,3,Cliff Lee,PHI,NL,90.0
2011,CyYoung,4,Ian Kennedy,ARI,NL,76.0
2011,CyYoung,5,Cole Hamels,PHI,NL,17.0
2011,CyYoung,6,Tim Lincecum,SFG,NL,7.0
2011,CyYoung,7,Yovani Gallardo,MIL,NL,5.0
2011,CyYoung,8,Matt Cain,SFG,NL,3.0
2011,CyYoung,9,John Axford,MIL,NL,2.0
2011,CyYoung,9,Craig Kimbrel,ATL,NL,2.0
2011,CyYoung,11,Madison Bumgarner,SFG,NL,1.0
2011,CyYoung,11,Ryan Vogelsong,SFG,NL,1.0
2011,RookieoftheYear,1,Jeremy Hellickson,TBR,AL,102.0
2011,RookieoftheYear,2,Mark Trumbo,LAA,AL,63.0
2011,RookieoftheYear,3,Eric Hosmer,KCR,AL,38.0
2011,RookieoftheYear,4,Ivan Nova,NYY,AL,30.0
2011,RookieoftheYear,5,Michael Pineda,SEA,AL,11.0
2011,RookieoftheYear,6,Dustin Ackley,SEA,AL,6.0
2011,RookieoftheYear,7,Desmond Jennings,TBR,AL,1.0
2011,RookieoftheYear,7,Jordan Walden,LAA,AL,1.0
2011,RookieoftheYear,1,Craig Kimbrel,ATL,NL,160.0
2011,RookieoftheYear,2,Freddie Freeman,ATL,NL,70.0
2011,RookieoftheYear,3,Vance Worley,PHI,NL,40.0
2011,RookieoftheYear,4,Wilson Ramos,WSN,NL,6.0
2011,RookieoftheYear,5,Josh Collmenter,ARI,NL,5.0
2011,RookieoftheYear,6,Danny Espinosa,WSN,NL,3.0
2011,RookieoftheYear,7,Darwin Barney,CHC,NL,2.0
2011,RookieoftheYear,7,Kenley Jansen,LAD,NL,2.0
2011,MgroftheYear,1,Joe Maddon,TBR,AL,133.0
2011,MgroftheYear,2,Jim Leyland,DET,AL,54.0
2011,MgroftheYear,3,Ron Washington,TEX,AL,31.0
2011,MgroftheYear,4,Manny Acta,CLE,AL,16.0
2011,MgroftheYear,5,Joe Girardi,NYY,AL,14.0
2011,MgroftheYear,6,Mike Scioscia,LAA,AL,4.0
2011,MgroftheYear,1,Kirk Gibson,ARI,NL,152.0
2011,MgroftheYear,2,Ron Roenicke,MIL,NL,92.0
2011,MgroftheYear,3,Tony La Russa,STL,NL,24.0
2011,MgroftheYear,4,Charlie Manuel,PHI,NL,10.0
2011,MgroftheYear,5,Fredi Gonzalez,ATL,NL,4.0
2011,MgroftheYear,6,Bruce Bochy,SFG,NL,2.0
2011,MgroftheYear,6,Clint Hurdle,PIT,NL,2.0
2011,MgroftheYear,8,Terry Collins,NYM,NL,1.0
2011,MgroftheYear,8,Don Mattingly,LAD,NL,1.0
2012,MVP,1,Miguel Cabrera,DET,AL,362.0
2012,MVP,2,Mike Trout,LAA,AL,281.0
2012,MVP,3,Adrian Beltre,TEX,AL,210.0
2012,MVP,4,Robinson Cano,NYY,AL,149.0
2012,MVP,5,Josh Hamilton,TEX,AL,127.0
2012,MVP,6,Adam Jones,BAL,AL,120.0
2012,MVP,7,Derek Jeter,NYY,AL,77.0
2012,MVP,8,Justin Verlander,DET,AL,58.0
2012,MVP,9,Prince Fielder,DET,AL,56.0
2012,MVP,10,Yoenis Cespedes,OAK,AL,41.0
2012,MVP,11,Edwin Encarnacion,TOR,AL,33.0
2012,MVP,12,David Price,TBR,AL,26.0
2012,MVP,13,Fernando Rodney,TBR,AL,24.0
2012,MVP,14,Jim Johnson,BAL,AL,22.0
2012,MVP,15,Alex Rios,CHW,AL,17.0
2012,MVP,16,Josh Reddick,OAK,AL,14.0
2012,MVP,17,Albert Pujols,LAA,AL,8.0
2012,MVP,18,Ben Zobrist,TBR,AL,7.0
2012,MVP,19,Joe Mauer,MIN,AL,6.0
2012,MVP,20,Rafael Soriano,NYY,AL,5.0
2012,MVP,21,Matt Wieters,BAL,AL,4.0
2012,MVP,22,Felix Hernandez,SEA,AL,2.0
2012,MVP,22,Jered Weaver,LAA,AL,2.0
2012,MVP,24,Raul Ibanez,NYY,AL,1.0
2012,MVP,1,Buster Posey,SFG,NL,422.0
2012,MVP,2,Ryan Braun,MIL,NL,285.0
2012,MVP,3,Andrew McCutchen,PIT,NL,245.0
2012,MVP,4,Yadier Molina,STL,NL,241.0
2012,MVP,5,Chase Headley,SDP,NL,127.0
2012,MVP,6,Adam LaRoche,WSN,NL,86.0
2012,MVP,6,David Wright,NYM,NL,86.0
2012,MVP,8,Craig Kimbrel,ATL,NL,73.0
2012,MVP,9,Aramis Ramirez,MIL,NL,47.0
2012,MVP,10,Jay Bruce,CIN,NL,46.0
2012,MVP,11,Matt Holliday,STL,NL,34.0
2012,MVP,12,Aroldis Chapman,CIN,NL,20.0
2012,MVP,13,Brandon Phillips,CIN,NL,18.0
2012,MVP,14,R.A. Dickey,NYM,NL,16.0
2012,MVP,14,Joey Votto,CIN,NL,16.0
2012,MVP,16,Ian Desmond,WSN,NL,15.0
2012,MVP,16,Clayton Kershaw,LAD,NL,15.0
2012,MVP,18,Michael Bourn,ATL,NL,12.0
2012,MVP,19,Allen Craig,STL,NL,10.0
2012,MVP,20,Gio Gonzalez,WSN,NL,8.0
2012,MVP,20,Kris Medlen,ATL,NL,8.0
2012,MVP,20,Martin Prado,ATL,NL,8.0
2012,MVP,20,Alfonso Soriano,CHC,NL,8.0
2012,MVP,24,Giancarlo Stanton,MIA,NL,7.0
2012,MVP,24,Ryan Zimmerman,WSN,NL,7.0
2012,MVP,26,Carlos Beltran,STL,NL,6.0
2012,MVP,26,Aaron Hill,ARI,NL,6.0
2012,MVP,28,Jason Heyward,ATL,NL,4.0
2012,MVP,28,Carlos Ruiz,PHI,NL,4.0
2012,MVP,30,Johnny Cueto,CIN,NL,2.0
2012,MVP,30,Bryce Harper,WSN,NL,2.0
2012,MVP,32,Chipper Jones,ATL,NL,1.0
2012,MVP,32,Miguel Montero,ARI,NL,1.0
2012,MVP,32,Angel Pagan,SFG,NL,1.0
2012,MVP,32,Hunter Pence,TOT,NL,1.0
2012,CyYoung,1,David Price,TBR,AL,153.0
2012,CyYoung,2,Justin Verlander,DET,AL,149.0
2012,CyYoung,3,Jered Weaver,LAA,AL,70.0
2012,CyYoung,4,Felix Hernandez,SEA,AL,41.0
2012,CyYoung,5,Fernando Rodney,TBR,AL,38.0
2012,CyYoung,6,Chris Sale,CHW,AL,17.0
2012,CyYoung,7,Jim Johnson,BAL,AL,5.0
2012,CyYoung,8,Matt Harrison,TEX,AL,2.0
2012,CyYoung,9,Yu Darvish,TEX,AL,1.0
2012,CyYoung,1,R.A. Dickey,NYM,NL,209.0
2012,CyYoung,2,Clayton Kershaw,LAD,NL,96.0
2012,CyYoung,3,Gio Gonzalez,WSN,NL,93.0
2012,CyYoung,4,Johnny Cueto,CIN,NL,75.0
2012,CyYoung,5,Craig Kimbrel,ATL,NL,41.0
2012,CyYoung,6,Matt Cain,SFG,NL,22.0
2012,CyYoung,7,Kyle Lohse,STL,NL,6.0
2012,CyYoung,8,Aroldis Chapman,CIN,NL,1.0
2012,CyYoung,8,Cole Hamels,PHI,NL,1.0
2012,RookieoftheYear,1,Mike Trout,LAA,AL,140.0
2012,RookieoftheYear,2,Yoenis Cespedes,OAK,AL,63.0
2012,RookieoftheYear,3,Yu Darvish,TEX,AL,46.0
2012,RookieoftheYear,4,Wei-Yin Chen,BAL,AL,2.0
2012,RookieoftheYear,5,Jarrod Parker,OAK,AL,1.0
2012,RookieoftheYear,1,Bryce Harper,WSN,NL,112.0
2012,RookieoftheYear,2,Wade Miley,ARI,NL,105.0
2012,RookieoftheYear,3,Todd Frazier,CIN,NL,45.0
2012,RookieoftheYear,4,Wilin Rosario,COL,NL,12.0
2012,RookieoftheYear,5,Nori Aoki,MIL,NL,11.0
2012,RookieoftheYear,6,Yonder Alonso,SDP,NL,1.0
2012,RookieoftheYear,6,Matt Carpenter,STL,NL,1.0
2012,RookieoftheYear,6,Jordan Pacheco,COL,NL,1.0
2012,MgroftheYear,1,Bob Melvin,OAK,AL,116.0
2012,MgroftheYear,2,Buck Showalter,BAL,AL,108.0
2012,MgroftheYear,3,Robin Ventura,CHW,AL,12.0
2012,MgroftheYear,4,Joe Maddon,TBR,AL,7.0
2012,MgroftheYear,5,Joe Girardi,NYY,AL,5.0
2012,MgroftheYear,6,Jim Leyland,DET,AL,2.0
2012,MgroftheYear,6,Ron Washington,TEX,AL,2.0
2012,MgroftheYear,1,Davey Johnson,WSN,NL,131.0
2012,MgroftheYear,2,Dusty Baker,CIN,NL,77.0
2012,MgroftheYear,3,Bruce Bochy,SFG,NL,61.0
2012,MgroftheYear,4,Fredi Gonzalez,ATL,NL,17.0
2012,MgroftheYear,5,Bud Black,SDP,NL,1.0
2012,MgroftheYear,5,Mike Matheny,STL,NL,1.0
2013,MVP,1,Miguel Cabrera,DET,AL,385.0
2013,MVP,2,Mike Trout,LAA,AL,282.0
2013,MVP,3,Chris Davis,BAL,AL,232.0
2013,MVP,4,Josh Donaldson,OAK,AL,222.0
2013,MVP,5,Robinson Cano,NYY,AL,150.0
2013,MVP,6,Evan Longoria,TBR,AL,103.0
2013,MVP,7,Adrian Beltre,TEX,AL,99.0
2013,MVP,7,Dustin Pedroia,BOS,AL,99.0
2013,MVP,9,Manny Machado,BAL,AL,57.0
2013,MVP,10,David Ortiz,BOS,AL,47.0
2013,MVP,11,Jason Kipnis,CLE,AL,31.0
2013,MVP,12,Max Scherzer,DET,AL,25.0
2013,MVP,13,Adam Jones,BAL,AL,9.0
2013,MVP,14,Edwin Encarnacion,TOR,AL,7.0
2013,MVP,15,Coco Crisp,OAK,AL,3.0
2013,MVP,15,Jacoby Ellsbury,BOS,AL,3.0
2013,MVP,15,Greg Holland,KCR,AL,3.0
2013,MVP,15,Carlos Santana,CLE,AL,3.0
2013,MVP,19,Torii Hunter,DET,AL,2.0
2013,MVP,19,Hisashi Iwakuma,SEA,AL,2.0
2013,MVP,19,Koji Uehara,BOS,AL,2.0
2013,MVP,22,Yu Darvish,TEX,AL,1.0
2013,MVP,22,Felix Hernandez,SEA,AL,1.0
2013,MVP,22,Salvador Perez,KCR,AL,1.0
2013,MVP,22,Shane Victorino,BOS,AL,1.0
2013,MVP,1,Andrew McCutchen,PIT,NL,409.0
2013,MVP,2,Paul Goldschmidt,ARI,NL,242.0
2013,MVP,3,Yadier Molina,STL,NL,219.0
2013,MVP,4,Matt Carpenter,STL,NL,194.0
2013,MVP,5,Freddie Freeman,ATL,NL,154.0
2013,MVP,6,Joey Votto,CIN,NL,149.0
2013,MVP,7,Clayton Kershaw,LAD,NL,146.0
2013,MVP,8,Hanley Ramirez,LAD,NL,58.0
2013,MVP,9,Carlos Gomez,MIL,NL,43.0
2013,MVP,10,Jay Bruce,CIN,NL,30.0
2013,MVP,11,Craig Kimbrel,ATL,NL,27.0
2013,MVP,12,Shin-Soo Choo,CIN,NL,23.0
2013,MVP,13,Jayson Werth,WSN,NL,20.0
2013,MVP,14,Andrelton Simmons,ATL,NL,14.0
2013,MVP,15,Yasiel Puig,LAD,NL,10.0
2013,MVP,16,Hunter Pence,SFG,NL,7.0
2013,MVP,17,Troy Tulowitzki,COL,NL,5.0
2013,MVP,18,Allen Craig,STL,NL,4.0
2013,MVP,18,Adrian Gonzalez,LAD,NL,4.0
2013,MVP,20,Michael Cuddyer,COL,NL,3.0
2013,MVP,20,Buster Posey,SFG,NL,3.0
2013,MVP,20,Adam Wainwright,STL,NL,3.0
2013,MVP,23,Matt Holliday,STL,NL,2.0
2013,MVP,24,Russell Martin,PIT,NL,1.0
2013,CyYoung,1,Max Scherzer,DET,AL,203.0
2013,CyYoung,2,Yu Darvish,TEX,AL,93.0
2013,CyYoung,3,Hisashi Iwakuma,SEA,AL,73.0
2013,CyYoung,4,Anibal Sanchez,DET,AL,46.0
2013,CyYoung,5,Chris Sale,CHW,AL,44.0
2013,CyYoung,6,Bartolo Colon,OAK,AL,25.0
2013,CyYoung,7,Koji Uehara,BOS,AL,10.0
2013,CyYoung,8,Felix Hernandez,SEA,AL,6.0
2013,CyYoung,9,Greg Holland,KCR,AL,4.0
2013,CyYoung,9,Matt Moore,TBR,AL,4.0
2013,CyYoung,11,James Shields,KCR,AL,2.0
2013,CyYoung,1,Clayton Kershaw,LAD,NL,207.0
2013,CyYoung,2,Adam Wainwright,STL,NL,86.0
2013,CyYoung,3,Jose Fernandez,MIA,NL,62.0
2013,CyYoung,4,Matt Harvey,NYM,NL,39.0
2013,CyYoung,4,Craig Kimbrel,ATL,NL,39.0
2013,CyYoung,6,Cliff Lee,PHI,NL,32.0
2013,CyYoung,7,Jordan Zimmermann,WSN,NL,21.0
2013,CyYoung,8,Zack Greinke,LAD,NL,19.0
2013,CyYoung,9,Madison Bumgarner,SFG,NL,3.0
2013,CyYoung,9,Francisco Liriano,PIT,NL,3.0
2013,RookieoftheYear,1,Wil Myers,TBR,AL,131.0
2013,RookieoftheYear,2,Jose Iglesias,TOT,AL,80.0
2013,RookieoftheYear,3,Chris Archer,TBR,AL,35.0
2013,RookieoftheYear,4,Dan Straily,OAK,AL,15.0
2013,RookieoftheYear,5,JB Shuck,LAA,AL,4.0
2013,RookieoftheYear,6,Cody Allen,CLE,AL,2.0
2013,RookieoftheYear,6,Martin Perez,TEX,AL,2.0
2013,RookieoftheYear,8,David Lough,KCR,AL,1.0
2013,RookieoftheYear,1,Jose Fernandez,MIA,NL,142.0
2013,RookieoftheYear,2,Yasiel Puig,LAD,NL,95.0
2013,RookieoftheYear,3,Shelby Miller,STL,NL,12.0
2013,RookieoftheYear,4,Hyun-Jin Ryu,LAD,NL,10.0
2013,RookieoftheYear,5,Julio Teheran,ATL,NL,7.0
2013,RookieoftheYear,6,Jedd Gyorko,SDP,NL,2.0
2013,RookieoftheYear,7,Nolan Arenado,COL,NL,1.0
2013,RookieoftheYear,7,Evan Gattis,ATL,NL,1.0
2013,MgroftheYear,1,Terry Francona,CLE,AL,112.0
2013,MgroftheYear,2,John Farrell,BOS,AL,96.0
2013,MgroftheYear,3,Bob Melvin,OAK,AL,36.0
2013,MgroftheYear,4,Joe Girardi,NYY,AL,11.0
2013,MgroftheYear,5,Joe Maddon,TBR,AL,9.0
2013,MgroftheYear,6,Jim Leyland,DET,AL,3.0
2013,MgroftheYear,7,Buck Showalter,BAL,AL,1.0
2013,MgroftheYear,7,Ron Washington,TEX,AL,1.0
2013,MgroftheYear,7,Ned Yost,KCR,AL,1.0
2013,MgroftheYear,1,Clint Hurdle,PIT,NL,140.0
2013,MgroftheYear,2,Don Mattingly,LAD,NL,68.0
2013,MgroftheYear,3,Fredi Gonzalez,ATL,NL,43.0
2013,MgroftheYear,4,Mike Matheny,STL,NL,19.0
2014,MVP,1,Mike Trout,LAA,AL,420.0
2014,MVP,2,Victor Martinez,DET,AL,229.0
2014,MVP,3,Michael Brantley,CLE,AL,191.0
2014,MVP,4,Jose Abreu,CHW,AL,145.0
2014,MVP,5,Robinson Cano,SEA,AL,124.0
2014,MVP,6,Jose Bautista,TOR,AL,122.0
2014,MVP,7,Nelson Cruz,BAL,AL,102.0
2014,MVP,8,Josh Donaldson,OAK,AL,96.0
2014,MVP,9,Miguel Cabrera,DET,AL,82.0
2014,MVP,10,Felix Hernandez,SEA,AL,48.0
2014,MVP,11,Corey Kluber,CLE,AL,45.0
2014,MVP,12,Alex Gordon,KCR,AL,44.0
2014,MVP,13,Jose Altuve,HOU,AL,41.0
2014,MVP,14,Adam Jones,BAL,AL,34.0
2014,MVP,15,Adrian Beltre,TEX,AL,22.0
2014,MVP,16,Greg Holland,KCR,AL,13.0
2014,MVP,17,Albert Pujols,LAA,AL,5.0
2014,MVP,18,Howie Kendrick,LAA,AL,3.0
2014,MVP,18,James Shields,KCR,AL,3.0
2014,MVP,20,Kyle Seager,SEA,AL,1.0
2014,MVP,1,Clayton Kershaw,LAD,NL,355.0
2014,MVP,2,Giancarlo Stanton,MIA,NL,298.0
2014,MVP,3,Andrew McCutchen,PIT,NL,271.0
2014,MVP,4,Jonathan Lucroy,MIL,NL,167.0
2014,MVP,5,Anthony Rendon,WSN,NL,155.0
2014,MVP,6,Buster Posey,SFG,NL,152.0
2014,MVP,7,Adrian Gonzalez,LAD,NL,57.0
2014,MVP,8,Adam Wainwright,STL,NL,53.0
2014,MVP,9,Josh Harrison,PIT,NL,52.0
2014,MVP,10,Anthony Rizzo,CHC,NL,37.0
2014,MVP,11,Hunter Pence,SFG,NL,34.0
2014,MVP,12,Johnny Cueto,CIN,NL,22.0
2014,MVP,13,Russell Martin,PIT,NL,21.0
2014,MVP,14,Matt Holliday,STL,NL,17.0
2014,MVP,14,Jhonny Peralta,STL,NL,17.0
2014,MVP,16,Carlos Gomez,MIL,NL,13.0
2014,MVP,17,Justin Upton,ATL,NL,10.0
2014,MVP,18,Jayson Werth,WSN,NL,9.0
2014,MVP,19,Yasiel Puig,LAD,NL,8.0
2014,MVP,19,Denard Span,WSN,NL,8.0
2014,MVP,21,Devin Mesoraco,CIN,NL,5.0
2014,MVP,22,Lucas Duda,NYM,NL,3.0
2014,MVP,23,Freddie Freeman,ATL,NL,2.0
2014,MVP,23,Justin Morneau,COL,NL,2.0
2014,MVP,25,Dee Gordon,LAD,NL,1.0
2014,MVP,25,Troy Tulowitzki,COL,NL,1.0
2014,CyYoung,1,Corey Kluber,CLE,AL,169.0
2014,CyYoung,2,Felix Hernandez,SEA,AL,159.0
2014,CyYoung,3,Chris Sale,CHW,AL,78.0
2014,CyYoung,4,Jon Lester,TOT,AL,46.0
2014,CyYoung,5,Max Scherzer,DET,AL,32.0
2014,CyYoung,6,David Price,TOT,AL,16.0
2014,CyYoung,7,Phil Hughes,MIN,AL,6.0
2014,CyYoung,8,Wade Davis,KCR,AL,3.0
2014,CyYoung,9,Greg Holland,KCR,AL,1.0
2014,CyYoung,1,Clayton Kershaw,LAD,NL,210.0
2014,CyYoung,2,Johnny Cueto,CIN,NL,112.0
2014,CyYoung,3,Adam Wainwright,STL,NL,97.0
2014,CyYoung,4,Madison Bumgarner,SFG,NL,28.0
2014,CyYoung,5,Jordan Zimmermann,WSN,NL,25.0
2014,CyYoung,6,Cole Hamels,PHI,NL,17.0
2014,CyYoung,7,Zack Greinke,LAD,NL,6.0
2014,CyYoung,8,Doug Fister,WSN,NL,5.0
2014,CyYoung,9,Jake Arrieta,CHC,NL,3.0
2014,CyYoung,9,Craig Kimbrel,ATL,NL,3.0
2014,CyYoung,9,Stephen Strasburg,WSN,NL,3.0
2014,CyYoung,12,Henderson Alvarez III,MIA,NL,1.0
2014,RookieoftheYear,1,Jose Abreu,CHW,AL,150.0
2014,RookieoftheYear,2,Matt Shoemaker,LAA,AL,40.0
2014,RookieoftheYear,3,Dellin Betances,NYY,AL,27.0
2014,RookieoftheYear,4,Collin McHugh,HOU,AL,21.0
2014,RookieoftheYear,5,Masahiro Tanaka,NYY,AL,16.0
2014,RookieoftheYear,6,Yordano Ventura,KCR,AL,9.0
2014,RookieoftheYear,7,Danny Santana,MIN,AL,3.0
2014,RookieoftheYear,8,Nicholas Castellanos,DET,AL,1.0
2014,RookieoftheYear,8,Brock Holt,BOS,AL,1.0
2014,RookieoftheYear,8,Jake Odorizzi,TBR,AL,1.0
2014,RookieoftheYear,8,George Springer,HOU,AL,1.0
2014,RookieoftheYear,1,Jacob deGrom,NYM,NL,142.0
2014,RookieoftheYear,2,Billy Hamilton,CIN,NL,92.0
2014,RookieoftheYear,3,Kolten Wong,STL,NL,14.0
2014,RookieoftheYear,4,Ken Giles,PHI,NL,8.0
2014,RookieoftheYear,5,Ender Inciarte,ARI,NL,4.0
2014,RookieoftheYear,6,Joe Panik,SFG,NL,3.0
2014,RookieoftheYear,7,Travis d'Arnaud,NYM,NL,2.0
2014,RookieoftheYear,7,Jeurys Familia,NYM,NL,2.0
2014,RookieoftheYear,7,Kyle Hendricks,CHC,NL,2.0
2014,RookieoftheYear,10,Chase Anderson,ARI,NL,1.0
2014,MgroftheYear,1,Buck Showalter,BAL,AL,132.0
2014,MgroftheYear,2,Mike Scioscia,LAA,AL,61.0
2014,MgroftheYear,3,Ned Yost,KCR,AL,41.0
2014,MgroftheYear,4,Lloyd McClendon,SEA,AL,29.0
2014,MgroftheYear,5,Terry Francona,CLE,AL,2.0
2014,MgroftheYear,6,Joe Girardi,NYY,AL,1.0
2014,MgroftheYear,6,Bob Melvin,OAK,AL,1.0
2014,MgroftheYear,1,Matt Williams,WSN,NL,109.0
2014,MgroftheYear,2,Clint Hurdle,PIT,NL,80.0
2014,MgroftheYear,3,Bruce Bochy,SFG,NL,30.0
2014,MgroftheYear,4,Mike Matheny,STL,NL,18.0
2014,MgroftheYear,5,Mike Redmond,MIA,NL,16.0
2014,MgroftheYear,6,Don Mattingly,LAD,NL,12.0
2014,MgroftheYear,7,Ron Roenicke,MIL,NL,3.0
2014,MgroftheYear,8,Bud Black,SDP,NL,1.0
2014,MgroftheYear,8,Terry Collins,NYM,NL,1.0
2015,MVP,1,Josh Donaldson,TOR,AL,385.0
2015,MVP,2,Mike Trout,LAA,AL,304.0
2015,MVP,3,Lorenzo Cain,KCR,AL,225.0
2015,MVP,4,Manny Machado,BAL,AL,158.0
2015,MVP,5,Dallas Keuchel,HOU,AL,107.0
2015,MVP,6,Nelson Cruz,SEA,AL,94.0
2015,MVP,7,Adrian Beltre,TEX,AL,83.0
2015,MVP,8,Jose Bautista,TOR,AL,82.0
2015,MVP,9,David Price,TOT,AL,62.0
2015,MVP,10,Jose Altuve,HOU,AL,44.0
2015,MVP,11,Miguel Cabrera,DET,AL,40.0
2015,MVP,12,Edwin Encarnacion,TOR,AL,38.0
2015,MVP,13,Prince Fielder,TEX,AL,33.0
2015,MVP,14,Chris Davis,BAL,AL,32.0
2015,MVP,15,J.D. Martinez,DET,AL,18.0
2015,MVP,16,Jason Kipnis,CLE,AL,17.0
2015,MVP,17,Kevin Kiermaier,TBR,AL,10.0
2015,MVP,18,Kendrys Morales,KCR,AL,7.0
2015,MVP,19,Mookie Betts,BOS,AL,4.0
2015,MVP,19,Chris Sale,CHW,AL,4.0
2015,MVP,21,Jose Abreu,CHW,AL,3.0
2015,MVP,21,Ian Kinsler,DET,AL,3.0
2015,MVP,21,Mike Moustakas,KCR,AL,3.0
2015,MVP,24,Carlos Correa,HOU,AL,2.0
2015,MVP,24,Eric Hosmer,KCR,AL,2.0
2015,MVP,24,Russell Martin,TOR,AL,2.0
2015,MVP,24,Brian McCann,NYY,AL,2.0
2015,MVP,28,Michael Brantley,CLE,AL,1.0
2015,MVP,28,Wade Davis,KCR,AL,1.0
2015,MVP,28,Brian Dozier,MIN,AL,1.0
2015,MVP,28,David Ortiz,BOS,AL,1.0
2015,MVP,28,Alex Rodriguez,NYY,AL,1.0
2015,MVP,28,Mark Teixeira,NYY,AL,1.0
2015,MVP,1,Bryce Harper,WSN,NL,420.0
2015,MVP,2,Paul Goldschmidt,ARI,NL,234.0
2015,MVP,3,Joey Votto,CIN,NL,175.0
2015,MVP,4,Anthony Rizzo,CHC,NL,162.0
2015,MVP,5,Andrew McCutchen,PIT,NL,139.0
2015,MVP,6,Jake Arrieta,CHC,NL,134.0
2015,MVP,7,Zack Greinke,LAD,NL,130.0
2015,MVP,8,Nolan Arenado,COL,NL,102.0
2015,MVP,9,Buster Posey,SFG,NL,84.0
2015,MVP,10,Clayton Kershaw,LAD,NL,49.0
2015,MVP,11,Kris Bryant,CHC,NL,34.0
2015,MVP,12,Matt Carpenter,STL,NL,26.0
2015,MVP,13,Yoenis Cespedes,NYM,NL,24.0
2015,MVP,14,A.J. Pollock,ARI,NL,21.0
2015,MVP,15,Jason Heyward,STL,NL,15.0
2015,MVP,16,Dee Gordon,MIA,NL,6.0
2015,MVP,17,Trevor Rosenthal,STL,NL,5.0
2015,MVP,18,Curtis Granderson,NYM,NL,4.0
2015,MVP,19,Gerrit Cole,PIT,NL,3.0
2015,MVP,19,Adrian Gonzalez,LAD,NL,3.0
2015,CyYoung,1,Dallas Keuchel,HOU,AL,186.0
2015,CyYoung,2,David Price,TOT,AL,143.0
2015,CyYoung,3,Sonny Gray,OAK,AL,82.0
2015,CyYoung,4,Chris Sale,CHW,AL,30.0
2015,CyYoung,5,Chris Archer,TBR,AL,29.0
2015,CyYoung,6,Wade Davis,KCR,AL,10.0
2015,CyYoung,7,Felix Hernandez,SEA,AL,9.0
2015,CyYoung,8,Collin McHugh,HOU,AL,5.0
2015,CyYoung,9,Corey Kluber,CLE,AL,4.0
2015,CyYoung,10,Marco Estrada,TOR,AL,3.0
2015,CyYoung,10,Andrew Miller,NYY,AL,3.0
2015,CyYoung,10,Shawn Tolleson,TEX,AL,3.0
2015,CyYoung,13,Carlos Carrasco,CLE,AL,2.0
2015,CyYoung,14,Dellin Betances,NYY,AL,1.0
2015,CyYoung,1,Jake Arrieta,CHC,NL,169.0
2015,CyYoung,2,Zack Greinke,LAD,NL,147.0
2015,CyYoung,3,Clayton Kershaw,LAD,NL,101.0
2015,CyYoung,4,Gerrit Cole,PIT,NL,40.0
2015,CyYoung,5,Max Scherzer,WSN,NL,32.0
2015,CyYoung,6,Madison Bumgarner,SFG,NL,8.0
2015,CyYoung,7,Jacob deGrom,NYM,NL,7.0
2015,CyYoung,8,Mark Melancon,PIT,NL,5.0
2015,CyYoung,9,John Lackey,STL,NL,1.0
2015,RookieoftheYear,1,Carlos Correa,HOU,AL,124.0
2015,RookieoftheYear,2,Francisco Lindor,CLE,AL,109.0
2015,RookieoftheYear,3,Miguel Sano,MIN,AL,20.0
2015,RookieoftheYear,4,Roberto Osuna,TOR,AL,8.0
2015,RookieoftheYear,5,Billy Burns,OAK,AL,6.0
2015,RookieoftheYear,6,Eddie Rosario,MIN,AL,2.0
2015,RookieoftheYear,7,Delino DeShields,TEX,AL,1.0
2015,RookieoftheYear,1,Kris Bryant,CHC,NL,150.0
2015,RookieoftheYear,2,Matt Duffy,SFG,NL,70.0
2015,RookieoftheYear,3,Jung Ho Kang,PIT,NL,28.0
2015,RookieoftheYear,4,Noah Syndergaard,NYM,NL,16.0
2015,RookieoftheYear,5,Justin Bour,MIA,NL,4.0
2015,RookieoftheYear,6,Joc Pederson,LAD,NL,1.0
2015,RookieoftheYear,6,Stephen Piscotty,STL,NL,1.0
2015,MgroftheYear,1,Jeff Banister,TEX,AL,112.0
2015,MgroftheYear,2,AJ Hinch,HOU,AL,82.0
2015,MgroftheYear,3,Paul Molitor,MIN,AL,33.0
2015,MgroftheYear,4,John Gibbons,TOR,AL,22.0
2015,MgroftheYear,5,Joe Girardi,NYY,AL,12.0
2015,MgroftheYear,6,Ned Yost,KCR,AL,8.0
2015,MgroftheYear,7,Mike Scioscia,LAA,AL,1.0
2015,MgroftheYear,1,Joe Maddon,CHC,NL,124.0
2015,MgroftheYear,2,Mike Matheny,STL,NL,87.0
2015,MgroftheYear,3,Terry Collins,NYM,NL,49.0
2015,MgroftheYear,4,Clint Hurdle,PIT,NL,8.0
2015,MgroftheYear,5,Bruce Bochy,SFG,NL,1.0
2015,MgroftheYear,5,Don Mattingly,LAD,NL,1.0
2016,MVP,1,Mike Trout,LAA,AL,356.0
2016,MVP,2,Mookie Betts,BOS,AL,311.0
2016,MVP,3,Jose Altuve,HOU,AL,227.0
2016,MVP,4,Josh Donaldson,TOR,AL,200.0
2016,MVP,5,Manny Machado,BAL,AL,150.0
2016,MVP,6,David Ortiz,BOS,AL,147.0
2016,MVP,7,Adrian Beltre,TEX,AL,135.0
2016,MVP,8,Robinson Cano,SEA,AL,79.0
2016,MVP,9,Miguel Cabrera,DET,AL,56.0
2016,MVP,9,Francisco Lindor,CLE,AL,56.0
2016,MVP,11,Zack Britton,BAL,AL,11.0
2016,MVP,12,Kyle Seager,SEA,AL,10.0
2016,MVP,13,Brian Dozier,MIN,AL,9.0
2016,MVP,14,Edwin Encarnacion,TOR,AL,7.0
2016,MVP,15,Nelson Cruz,SEA,AL,6.0
2016,MVP,16,Chris Sale,CHW,AL,3.0
2016,MVP,17,Jose Ramirez,CLE,AL,2.0
2016,MVP,17,Justin Verlander,DET,AL,2.0
2016,MVP,19,Adam Eaton,CHW,AL,1.0
2016,MVP,19,Corey Kluber,CLE,AL,1.0
2016,MVP,19,Evan Longoria,TBR,AL,1.0
2016,MVP,1,Kris Bryant,CHC,NL,415.0
2016,MVP,2,Daniel Murphy,WSN,NL,245.0
2016,MVP,3,Corey Seager,LAD,NL,240.0
2016,MVP,4,Anthony Rizzo,CHC,NL,202.0
2016,MVP,5,Nolan Arenado,COL,NL,199.0
2016,MVP,6,Freddie Freeman,ATL,NL,129.0
2016,MVP,7,Joey Votto,CIN,NL,100.0
2016,MVP,8,Yoenis Cespedes,NYM,NL,45.0
2016,MVP,9,Justin Turner,LAD,NL,44.0
2016,MVP,10,Max Scherzer,WSN,NL,39.0
2016,MVP,11,Paul Goldschmidt,ARI,NL,18.0
2016,MVP,12,Brandon Crawford,SFG,NL,15.0
2016,MVP,13,Jean Segura,ARI,NL,14.0
2016,MVP,14,Buster Posey,SFG,NL,11.0
2016,MVP,15,DJ LeMahieu,COL,NL,8.0
2016,MVP,16,Madison Bumgarner,SFG,NL,7.0
2016,MVP,17,Jeurys Familia,NYM,NL,6.0
2016,MVP,17,Wilson Ramos,WSN,NL,6.0
2016,MVP,19,Addison Russell,CHC,NL,5.0
2016,MVP,19,Noah Syndergaard,NYM,NL,5.0
2016,MVP,19,Christian Yelich,MIA,NL,5.0
2016,MVP,22,Yasmani Grandal,LAD,NL,4.0
2016,MVP,23,Ryan Braun,MIL,NL,2.0
2016,MVP,23,Kyle Hendricks,CHC,NL,2.0
2016,MVP,23,Yadier Molina,STL,NL,2.0
2016,MVP,26,Charlie Blackmon,COL,NL,1.0
2016,MVP,26,Johnny Cueto,SFG,NL,1.0
2016,CyYoung,1,Rick Porcello,BOS,AL,137.0
2016,CyYoung,2,Justin Verlander,DET,AL,132.0
2016,CyYoung,3,Corey Kluber,CLE,AL,98.0
2016,CyYoung,4,Zack Britton,BAL,AL,72.0
2016,CyYoung,5,Chris Sale,CHW,AL,40.0
2016,CyYoung,6,J.A. Happ,TOR,AL,14.0
2016,CyYoung,7,Aaron Sanchez,TOR,AL,6.0
2016,CyYoung,7,Masahiro Tanaka,NYY,AL,6.0
2016,CyYoung,9,Andrew Miller,TOT,AL,3.0
2016,CyYoung,10,Michael Fulmer,DET,AL,1.0
2016,CyYoung,10,Jose Quintana,CHW,AL,1.0
2016,CyYoung,1,Max Scherzer,WSN,NL,192.0
2016,CyYoung,2,Jon Lester,CHC,NL,102.0
2016,CyYoung,3,Kyle Hendricks,CHC,NL,85.0
2016,CyYoung,4,Madison Bumgarner,SFG,NL,46.0
2016,CyYoung,5,Clayton Kershaw,LAD,NL,30.0
2016,CyYoung,6,Johnny Cueto,SFG,NL,19.0
2016,CyYoung,7,Jose Fernandez,MIA,NL,18.0
2016,CyYoung,8,Noah Syndergaard,NYM,NL,15.0
2016,CyYoung,9,Jake Arrieta,CHC,NL,2.0
2016,CyYoung,10,Tanner Roark,WSN,NL,1.0
2016,RookieoftheYear,1,Michael Fulmer,DET,AL,142.0
2016,RookieoftheYear,2,Gary Sanchez,NYY,AL,91.0
2016,RookieoftheYear,3,Tyler Naquin,CLE,AL,20.0
2016,RookieoftheYear,4,Chris Devenski,HOU,AL,7.0
2016,RookieoftheYear,5,Edwin Diaz,SEA,AL,4.0
2016,RookieoftheYear,5,Nomar Mazara,TEX,AL,4.0
2016,RookieoftheYear,7,Tim Anderson,CHW,AL,2.0
2016,RookieoftheYear,1,Corey Seager,LAD,NL,150.0
2016,RookieoftheYear,2,Trea Turner,WSN,NL,42.0
2016,RookieoftheYear,3,Kenta Maeda,LAD,NL,37.0
2016,RookieoftheYear,4,Trevor Story,COL,NL,24.0
2016,RookieoftheYear,5,Aledmys Diaz,STL,NL,14.0
2016,RookieoftheYear,6,Jon Gray,COL,NL,1.0
2016,RookieoftheYear,6,Steven Matz,NYM,NL,1.0
2016,RookieoftheYear,6,Seunghwan Oh,STL,NL,1.0
2016,MgroftheYear,1,Terry Francona,CLE,AL,128.0
2016,MgroftheYear,2,Jeff Banister,TEX,AL,64.0
2016,MgroftheYear,3,Buck Showalter,BAL,AL,44.0
2016,MgroftheYear,4,John Farrell,BOS,AL,28.0
2016,MgroftheYear,5,Joe Girardi,NYY,AL,5.0
2016,MgroftheYear,6,Scott Servais,SEA,AL,1.0
2016,MgroftheYear,1,Dave Roberts,LAD,NL,108.0
2016,MgroftheYear,2,Joe Maddon,CHC,NL,70.0
2016,MgroftheYear,3,Dusty Baker,WSN,NL,66.0
2016,MgroftheYear,4,Terry Collins,NYM,NL,24.0
2016,MgroftheYear,5,Don Mattingly,MIA,NL,2.0
2017,MVP,1,Jose Altuve,HOU,AL,405.0
2017,MVP,2,Aaron Judge,NYY,AL,279.0
2017,MVP,3,Jose Ramirez,CLE,AL,237.0
2017,MVP,4,Mike Trout,LAA,AL,197.0
2017,MVP,5,Francisco Lindor,CLE,AL,143.0
2017,MVP,6,Mookie Betts,BOS,AL,110.0
2017,MVP,7,Corey Kluber,CLE,AL,101.0
2017,MVP,8,Andrelton Simmons,LAA,AL,60.0
2017,MVP,9,Chris Sale,BOS,AL,56.0
2017,MVP,10,Nelson Cruz,SEA,AL,44.0
2017,MVP,11,Brian Dozier,MIN,AL,25.0
2017,MVP,12,Jonathan Schoop,BAL,AL,19.0
2017,MVP,13,George Springer,HOU,AL,17.0
2017,MVP,14,Jose Abreu,CHW,AL,16.0
2017,MVP,14,Eric Hosmer,KCR,AL,16.0
2017,MVP,16,Justin Upton,TOT,AL,12.0
2017,MVP,17,Carlos Correa,HOU,AL,9.0
2017,MVP,18,Byron Buxton,MIN,AL,7.0
2017,MVP,19,Marwin Gonzalez,HOU,AL,6.0
2017,MVP,20,Edwin Encarnacion,CLE,AL,4.0
2017,MVP,20,Didi Gregorius,NYY,AL,4.0
2017,MVP,22,Khris Davis,OAK,AL,1.0
2017,MVP,22,Josh Donaldson,TOR,AL,1.0
2017,MVP,22,Gary Sanchez,NYY,AL,1.0
2017,MVP,1,Giancarlo Stanton,MIA,NL,302.0
2017,MVP,2,Joey Votto,CIN,NL,300.0
2017,MVP,3,Paul Goldschmidt,ARI,NL,239.0
2017,MVP,4,Nolan Arenado,COL,NL,229.0
2017,MVP,5,Charlie Blackmon,COL,NL,205.0
2017,MVP,6,Anthony Rendon,WSN,NL,141.0
2017,MVP,7,Kris Bryant,CHC,NL,132.0
2017,MVP,8,Justin Turner,LAD,NL,43.0
2017,MVP,9,Cody Bellinger,LAD,NL,38.0
2017,MVP,10,Max Scherzer,WSN,NL,34.0
2017,MVP,11,Tommy Pham,STL,NL,24.0
2017,MVP,12,Bryce Harper,WSN,NL,21.0
2017,MVP,13,Anthony Rizzo,CHC,NL,17.0
2017,MVP,14,J.D. Martinez,ARI,NL,11.0
2017,MVP,15,Kenley Jansen,LAD,NL,8.0
2017,MVP,15,Marcell Ozuna,MIA,NL,8.0
2017,MVP,17,Clayton Kershaw,LAD,NL,6.0
2017,MVP,17,Corey Seager,LAD,NL,6.0
2017,MVP,19,Daniel Murphy,WSN,NL,3.0
2017,MVP,20,Archie Bradley,ARI,NL,1.0
2017,MVP,20,Zack Greinke,ARI,NL,1.0
2017,MVP,20,Ryan Zimmerman,WSN,NL,1.0
2017,CyYoung,1,Corey Kluber,CLE,AL,204.0
2017,CyYoung,2,Chris Sale,BOS,AL,126.0
2017,CyYoung,3,Luis Severino,NYY,AL,73.0
2017,CyYoung,4,Carlos Carrasco,CLE,AL,43.0
2017,CyYoung,5,Justin Verlander,TOT,AL,32.0
2017,CyYoung,6,Craig Kimbrel,BOS,AL,27.0
2017,CyYoung,7,Ervin Santana,MIN,AL,3.0
2017,CyYoung,8,Marcus Stroman,TOR,AL,2.0
2017,CyYoung,1,Max Scherzer,WSN,NL,201.0
2017,CyYoung,2,Clayton Kershaw,LAD,NL,126.0
2017,CyYoung,3,Stephen Strasburg,WSN,NL,81.0
2017,CyYoung,4,Zack Greinke,ARI,NL,52.0
2017,CyYoung,5,Kenley Jansen,LAD,NL,22.0
2017,CyYoung,6,Gio Gonzalez,WSN,NL,18.0
2017,CyYoung,7,Robbie Ray,ARI,NL,6.0
2017,CyYoung,8,Jacob deGrom,NYM,NL,2.0
2017,CyYoung,9,Jimmy Nelson,MIL,NL,1.0
2017,CyYoung,9,Alex Wood,LAD,NL,1.0
2017,RookieoftheYear,1,Aaron Judge,NYY,AL,150.0
2017,RookieoftheYear,2,Andrew Benintendi,BOS,AL,75.0
2017,RookieoftheYear,3,Trey Mancini,BAL,AL,31.0
2017,RookieoftheYear,4,Yuli Gurriel,HOU,AL,5.0
2017,RookieoftheYear,4,Matt Olson,OAK,AL,5.0
2017,RookieoftheYear,6,Jordan Montgomery,NYY,AL,4.0
2017,RookieoftheYear,1,Cody Bellinger,LAD,NL,150.0
2017,RookieoftheYear,2,Paul DeJong,STL,NL,56.0
2017,RookieoftheYear,3,Josh Bell,PIT,NL,32.0
2017,RookieoftheYear,4,Rhys Hoskins,PHI,NL,12.0
2017,RookieoftheYear,5,German Marquez,COL,NL,10.0
2017,RookieoftheYear,6,Manuel Margot,SDP,NL,5.0
2017,RookieoftheYear,7,Kyle Freeland,COL,NL,3.0
2017,RookieoftheYear,8,Luis Castillo,CIN,NL,1.0
2017,RookieoftheYear,8,Ian Happ,CHC,NL,1.0
2017,MgroftheYear,1,Paul Molitor,MIN,AL,112.0
2017,MgroftheYear,2,Terry Francona,CLE,AL,90.0
2017,MgroftheYear,3,AJ Hinch,HOU,AL,56.0
2017,MgroftheYear,4,Joe Girardi,NYY,AL,12.0
2017,MgroftheYear,1,Torey Lovullo,ARI,NL,111.0
2017,MgroftheYear,2,Dave Roberts,LAD,NL,55.0
2017,MgroftheYear,3,Bud Black,COL,NL,43.0
2017,MgroftheYear,4,Craig Counsell,MIL,NL,33.0
2017,MgroftheYear,5,Dusty Baker,WSN,NL,25.0
2017,MgroftheYear,6,Joe Maddon,CHC,NL,3.0
2018,MVP,1,Mookie Betts,BOS,AL,410.0
2018,MVP,2,Mike Trout,LAA,AL,265.0
2018,MVP,3,Jose Ramirez,CLE,AL,208.0
2018,MVP,4,J.D. Martinez,BOS,AL,198.0
2018,MVP,5,Alex Bregman,HOU,AL,192.0
2018,MVP,6,Francisco Lindor,CLE,AL,169.0
2018,MVP,7,Matt Chapman,OAK,AL,141.0
2018,MVP,8,Khris Davis,OAK,AL,41.0
2018,MVP,9,Blake Snell,TBR,AL,38.0
2018,MVP,10,Justin Verlander,HOU,AL,26.0
2018,MVP,11,Mitch Haniger,SEA,AL,16.0
2018,MVP,12,Aaron Judge,NYY,AL,10.0
2018,MVP,13,Jose Altuve,HOU,AL,9.0
2018,MVP,13,Xander Bogaerts,BOS,AL,9.0
2018,MVP,15,Andrelton Simmons,LAA,AL,7.0
2018,MVP,15,Blake Treinen,OAK,AL,7.0
2018,MVP,17,Whit Merrifield,KCR,AL,6.0
2018,MVP,18,Edwin Diaz,SEA,AL,5.0
2018,MVP,19,Giancarlo Stanton,NYY,AL,4.0
2018,MVP,20,Didi Gregorius,NYY,AL,3.0
2018,MVP,20,Jed Lowrie,OAK,AL,3.0
2018,MVP,22,Trevor Bauer,CLE,AL,1.0
2018,MVP,22,Aaron Hicks,NYY,AL,1.0
2018,MVP,22,Chris Sale,BOS,AL,1.0
2018,MVP,1,Christian Yelich,MIL,NL,415.0
2018,MVP,2,Javier Baez,CHC,NL,250.0
2018,MVP,3,Nolan Arenado,COL,NL,203.0
2018,MVP,4,Freddie Freeman,ATL,NL,174.0
2018,MVP,5,Jacob deGrom,NYM,NL,141.0
2018,MVP,6,Paul Goldschmidt,ARI,NL,115.0
2018,MVP,7,Lorenzo Cain,MIL,NL,109.0
2018,MVP,8,Trevor Story,COL,NL,108.0
2018,MVP,9,Matt Carpenter,STL,NL,105.0
2018,MVP,10,Max Scherzer,WSN,NL,59.0
2018,MVP,11,Anthony Rendon,WSN,NL,21.0
2018,MVP,12,Ronald Acuna Jr.,ATL,NL,19.0
2018,MVP,13,Aaron Nola,PHI,NL,16.0
2018,MVP,14,Justin Turner,LAD,NL,10.0
2018,MVP,15,Max Muncy,LAD,NL,8.0
2018,MVP,16,Jesus Aguilar,MIL,NL,7.0
2018,MVP,17,Anthony Rizzo,CHC,NL,6.0
2018,MVP,18,Nick Markakis,ATL,NL,2.0
2018,MVP,18,Eugenio Suarez,CIN,NL,2.0
2018,CyYoung,1,Blake Snell,TBR,AL,169.0
2018,CyYoung,2,Justin Verlander,HOU,AL,154.0
2018,CyYoung,3,Corey Kluber,CLE,AL,71.0
2018,CyYoung,4,Chris Sale,BOS,AL,59.0
2018,CyYoung,5,Gerrit Cole,HOU,AL,26.0
2018,CyYoung,6,Trevor Bauer,CLE,AL,13.0
2018,CyYoung,6,Blake Treinen,OAK,AL,13.0
2018,CyYoung,8,Edwin Diaz,SEA,AL,4.0
2018,CyYoung,9,Luis Severino,NYY,AL,1.0
2018,CyYoung,1,Jacob deGrom,NYM,NL,207.0
2018,CyYoung,2,Max Scherzer,WSN,NL,123.0
2018,CyYoung,3,Aaron Nola,PHI,NL,86.0
2018,CyYoung,4,Kyle Freeland,COL,NL,49.0
2018,CyYoung,5,Patrick Corbin,ARI,NL,23.0
2018,CyYoung,6,Miles Mikolas,STL,NL,13.0
2018,CyYoung,7,Josh Hader,MIL,NL,4.0
2018,CyYoung,8,Mike Foltynewicz,ATL,NL,3.0
2018,CyYoung,9,Jon Lester,CHC,NL,2.0
2018,RookieoftheYear,1,Shohei Ohtani,LAA,AL,137.0
2018,RookieoftheYear,2,Miguel Andujar,NYY,AL,89.0
2018,RookieoftheYear,3,Gleyber Torres,NYY,AL,25.0
2018,RookieoftheYear,4,Joey Wendle,TBR,AL,17.0
2018,RookieoftheYear,5,Daniel Palka,CHW,AL,1.0
2018,RookieoftheYear,5,Ryan Yarbrough,TBR,AL,1.0
2018,RookieoftheYear,1,Ronald Acuna Jr.,ATL,NL,144.0
2018,RookieoftheYear,2,Juan Soto,WSN,NL,89.0
2018,RookieoftheYear,3,Walker Buehler,LAD,NL,28.0
2018,RookieoftheYear,4,Brian Anderson,MIA,NL,4.0
2018,RookieoftheYear,5,Jack Flaherty,STL,NL,2.0
2018,RookieoftheYear,6,Harrison Bader,STL,NL,1.0
2018,RookieoftheYear,6,Yoshihisa Hirano,ARI,NL,1.0
2018,RookieoftheYear,6,Jeff McNeil,NYM,NL,1.0
2018,MgroftheYear,1,Bob Melvin,OAK,AL,121.0
2018,MgroftheYear,2,Alex Cora,BOS,AL,79.0
2018,MgroftheYear,3,Kevin Cash,TBR,AL,57.0
2018,MgroftheYear,4,AJ Hinch,HOU,AL,11.0
2018,MgroftheYear,5,Aaron Boone,NYY,AL,2.0
2018,MgroftheYear,1,Brian Snitker,ATL,NL,116.0
2018,MgroftheYear,2,Craig Counsell,MIL,NL,99.0
2018,MgroftheYear,3,Bud Black,COL,NL,41.0
2018,MgroftheYear,4,Mike Shildt,STL,NL,7.0
2018,MgroftheYear,5,Joe Maddon,CHC,NL,6.0
2018,MgroftheYear,6,Dave Roberts,LAD,NL,1.0
2019,MVP,1,Mike Trout,LAA,AL,355.0
2019,MVP,2,Alex Bregman,HOU,AL,335.0
2019,MVP,3,Marcus Semien,OAK,AL,228.0
2019,MVP,4,DJ LeMahieu,NYY,AL,178.0
2019,MVP,5,Xander Bogaerts,BOS,AL,147.0
2019,MVP,6,Matt Chapman,OAK,AL,89.0
2019,MVP,7,George Springer,HOU,AL,69.0
2019,MVP,8,Mookie Betts,BOS,AL,67.0
2019,MVP,9,Nelson Cruz,MIN,AL,62.0
2019,MVP,10,Gerrit Cole,HOU,AL,61.0
2019,MVP,11,Justin Verlander,HOU,AL,56.0
2019,MVP,12,Rafael Devers,BOS,AL,40.0
2019,MVP,13,Jorge Polanco,MIN,AL,20.0
2019,MVP,14,Austin Meadows,TBR,AL,15.0
2019,MVP,15,Francisco Lindor,CLE,AL,13.0
2019,MVP,16,Carlos Santana,CLE,AL,9.0
2019,MVP,17,Gleyber Torres,NYY,AL,8.0
2019,MVP,18,Eddie Rosario,MIN,AL,6.0
2019,MVP,19,Jose Abreu,CHW,AL,5.0
2019,MVP,20,Max Kepler,MIN,AL,2.0
2019,MVP,21,J.D. Martinez,BOS,AL,1.0
2019,MVP,21,Yoan Moncada,CHW,AL,1.0
2019,MVP,21,Charlie Morton,TBR,AL,1.0
2019,MVP,21,Matt Olson,OAK,AL,1.0
2019,MVP,21,Jorge Soler,KCR,AL,1.0
2019,MVP,1,Cody Bellinger,LAD,NL,362.0
2019,MVP,2,Christian Yelich,MIL,NL,317.0
2019,MVP,3,Anthony Rendon,WSN,NL,242.0
2019,MVP,4,Ketel Marte,ARI,NL,198.0
2019,MVP,5,Ronald Acuna Jr.,ATL,NL,155.0
2019,MVP,6,Nolan Arenado,COL,NL,120.0
2019,MVP,7,Pete Alonso,NYM,NL,102.0
2019,MVP,8,Freddie Freeman,ATL,NL,90.0
2019,MVP,9,Juan Soto,WSN,NL,45.0
2019,MVP,10,Jacob deGrom,NYM,NL,44.0
2019,MVP,11,Josh Donaldson,ATL,NL,27.0
2019,MVP,12,Trevor Story,COL,NL,26.0
2019,MVP,13,Jack Flaherty,STL,NL,9.0
2019,MVP,14,J.T. Realmuto,PHI,NL,8.0
2019,MVP,15,Yasmani Grandal,MIL,NL,4.0
2019,MVP,15,Max Muncy,LAD,NL,4.0
2019,MVP,15,Stephen Strasburg,WSN,NL,4.0
2019,MVP,15,Eugenio Suarez,CIN,NL,4.0
2019,MVP,19,Hyun-Jin Ryu,LAD,NL,3.0
2019,MVP,20,Paul Goldschmidt,STL,NL,2.0
2019,MVP,20,Kolten Wong,STL,NL,2.0
2019,MVP,22,Kevin Pillar,SFG,NL,1.0
2019,MVP,22,Max Scherzer,WSN,NL,1.0
2019,CyYoung,1,Justin Verlander,HOU,AL,171.0
2019,CyYoung,2,Gerrit Cole,HOU,AL,159.0
2019,CyYoung,3,Charlie Morton,TBR,AL,75.0
2019,CyYoung,4,Shane Bieber,CLE,AL,64.0
2019,CyYoung,5,Lance Lynn,TEX,AL,18.0
2019,CyYoung,6,Lucas Giolito,CHW,AL,8.0
2019,CyYoung,6,Eduardo Rodriguez,BOS,AL,8.0
2019,CyYoung,8,Mike Minor,TEX,AL,7.0
2019,CyYoung,1,Jacob deGrom,NYM,NL,207.0
2019,CyYoung,2,Hyun-Jin Ryu,LAD,NL,88.0
2019,CyYoung,3,Max Scherzer,WSN,NL,72.0
2019,CyYoung,4,Jack Flaherty,STL,NL,69.0
2019,CyYoung,5,Stephen Strasburg,WSN,NL,53.0
2019,CyYoung,6,Mike Soroka,ATL,NL,9.0
2019,CyYoung,7,Sonny Gray,CIN,NL,4.0
2019,CyYoung,8,Clayton Kershaw,LAD,NL,3.0
2019,CyYoung,9,Walker Buehler,LAD,NL,2.0
2019,CyYoung,9,Kirby Yates,SDP,NL,2.0
2019,CyYoung,11,Patrick Corbin,WSN,NL,1.0
2019,RookieoftheYear,1,Yordan Alvarez,HOU,AL,150.0
2019,RookieoftheYear,2,John Means,BAL,AL,53.0
2019,RookieoftheYear,3,Brandon Lowe,TBR,AL,27.0
2019,RookieoftheYear,4,Eloy Jimenez,CHW,AL,20.0
2019,RookieoftheYear,5,Cavan Biggio,TOR,AL,7.0
2019,RookieoftheYear,6,Luis Arraez,MIN,AL,5.0
2019,RookieoftheYear,6,Vladimir Guerrero Jr.,TOR,AL,5.0
2019,RookieoftheYear,8,Oscar Mercado,CLE,AL,3.0
2019,RookieoftheYear,1,Pete Alonso,NYM,NL,148.0
2019,RookieoftheYear,2,Mike Soroka,ATL,NL,82.0
2019,RookieoftheYear,3,Fernando Tatis Jr.,SDP,NL,26.0
2019,RookieoftheYear,4,Bryan Reynolds,PIT,NL,9.0
2019,RookieoftheYear,5,Dakota Hudson,STL,NL,4.0
2019,RookieoftheYear,6,Victor Robles,WSN,NL,1.0
2019,MgroftheYear,1,Rocco Baldelli,MIN,AL,106.0
2019,MgroftheYear,2,Aaron Boone,NYY,AL,96.0
2019,MgroftheYear,3,Kevin Cash,TBR,AL,33.0
2019,MgroftheYear,4,Bob Melvin,OAK,AL,19.0
2019,MgroftheYear,5,AJ Hinch,HOU,AL,12.0
2019,MgroftheYear,6,Terry Francona,CLE,AL,4.0
2019,MgroftheYear,1,Mike Shildt,STL,NL,95.0
2019,MgroftheYear,2,Craig Counsell,MIL,NL,88.0
2019,MgroftheYear,3,Brian Snitker,ATL,NL,45.0
2019,MgroftheYear,4,Dave Roberts,LAD,NL,25.0
2019,MgroftheYear,5,Dave Martinez,WSN,NL,15.0
2019,MgroftheYear,6,Torey Lovullo,ARI,NL,2.0
