Rk,Name,Age,Tm,IP,G,GS,R,RA9,RA9opp,RA9def,RA9role,PPFp,RA9avg,RAA,WAA,gmLI,WAAadj,WAR,RAR,waaWL%,162WL%,Salary,Acquired
1,Paul Abbott\abbotpa01,33,SEA,163.0,28,27,79,4.36,4.95,0.63,0.18,95.1,4.27,-3,-0.2,1.14,-0.1,1.3,17,.491,.498,$1700000,Free Agency
2,Carlos Almanzar\almanca01,27,NYY,10.2,10,0,4,3.38,4.79,-0.42,-0.36,97.6,4.73,2,0.2,1.00,0.0,0.3,3,.515,.501,$270000,Traded
3,Matt Anderson\anderma01,24,DET,56.0,62,0,33,5.30,4.92,-0.20,-0.37,97.3,4.62,-5,-0.4,1.35,-0.2,0.0,2,.493,.497,$355000,Amateur Draft
4,Rolando Arrojo\arrojro01,35,BOS,103.1,41,9,44,3.83,4.74,-0.31,-0.10,99.7,4.94,12,1.2,1.53,0.0,2.4,24,.530,.508,$1625000,Traded
5,Jeff Austin\austije01,24,KCR,26.0,21,0,17,5.88,5.15,0.27,-0.39,108.7,4.88,-3,-0.3,.57,0.0,0.0,0,.486,.498,,Amateur Draft
6,Mike Bacsik*\bacsimi02,23,CLE,9.0,3,0,10,10.00,5.67,-0.40,0.00,100.4,6.10,-4,-0.3,.93,0.0,-0.3,-3,.384,.498,,Amateur Draft
7,Danys Baez\baezda01,23,CLE,50.1,43,0,22,3.93,4.98,-0.25,-0.38,101.0,4.90,5,0.5,1.29,0.0,1.0,11,.512,.503,,Amateur Free Agent
8,Cory Bailey\baileco01,30,KCR,67.1,53,0,28,3.74,5.05,0.27,-0.38,108.1,4.76,7,0.7,1.13,-0.1,1.4,15,.514,.504,,Free Agency
9,James Baldwin\baldwja01,29,CHW,95.2,17,16,56,5.27,4.80,0.05,0.16,102.7,5.05,-3,-0.3,1.08,-0.1,0.7,8,.484,.498,$5950000,Amateur Draft
10,John Bale*\balejo01,27,BAL,26.2,14,0,14,4.73,5.06,-0.07,-0.38,92.7,4.40,-1,-0.1,.90,0.0,0.1,2,.492,.499,,Traded
11,Grant Balfour\balfogr01,23,MIN,2.2,2,0,4,13.50,6.11,0.19,-0.46,94.3,5.15,-2,-0.2,.36,0.1,-0.1,-2,.390,.499,,Amateur Free Agent
12,Willie Banks\bankswi01,32,BOS,10.2,5,0,4,3.38,4.53,-0.27,-0.34,96.1,4.28,1,0.1,.27,-0.1,0.2,2,.520,.501,,Free Agency
13,Lorenzo Barcelo\barcelo01,23,CHW,21.0,17,0,13,5.57,5.26,0.04,-0.40,102.0,4.92,-2,-0.2,.88,0.0,0.0,1,.491,.499,,Traded
14,Rick Bauer\bauerri01,24,BAL,33.0,6,6,22,6.00,5.21,-0.09,0.19,91.9,5.05,-4,-0.3,,0.0,0.0,0,.443,.498,,Amateur Draft
15,Rod Beck\beckro01,32,BOS,80.2,68,0,42,4.69,4.92,-0.32,-0.37,100.0,4.87,1,0.1,1.48,-0.1,0.8,11,.502,.501,$4500000,Traded
16,Kevin Beirne\beirnke01,27,TOR,7.0,5,0,10,12.86,4.78,-0.03,-0.36,97.6,4.34,-7,-0.6,.63,0.1,-0.4,-6,.383,.496,$223000,Traded
17,Rob Bell\bellro01,24,TEX,105.1,18,18,87,7.43,5.05,-0.30,0.18,104.8,5.80,-20,-1.8,,-0.1,-0.7,-7,.402,.489,,Traded
18,Joaquin Benoit\benoijo01,23,TEX,5.0,1,1,6,10.80,4.90,-0.33,0.18,108.0,5.85,-3,-0.2,,0.0,-0.2,-2,.284,.499,,Amateur Free Agent
19,Adam Bernero\bernead01,24,DET,12.1,5,0,13,9.49,4.60,-0.23,-0.18,102.4,4.76,-7,-0.6,.47,0.1,-0.4,-5,.384,.496,,Amateur Free Agent
20,Rocky Biddle\biddlro01,25,CHW,128.2,30,21,87,6.09,5.04,0.04,0.12,101.6,5.20,-13,-1.3,1.23,-0.1,0.0,2,.458,.492,$205000,Amateur Draft
21,Nick Bierbrodt*\bierbni01,23,TBD,61.1,11,11,38,5.58,5.03,-0.17,0.19,100.2,5.40,-2,-0.1,,0.0,0.5,6,.487,.499,,Traded
22,Willie Blair\blairwi01,35,DET,24.0,9,4,30,11.25,4.87,-0.25,0.02,103.8,5.34,-16,-1.4,.91,0.0,-1.1,-13,.350,.492,,Free Agency
23,Brian Boehringer\boehrbr01,32,NYY,34.2,22,0,15,3.89,5.16,-0.36,-0.39,99.7,5.12,5,0.5,.92,-0.1,0.7,9,.521,.503,$350000,Free Agency
24,Pedro Borbon*\borbope02,33,TOR,53.1,71,0,24,4.05,5.01,-0.02,-0.38,101.6,4.73,4,0.4,1.35,0.0,0.9,10,.505,.502,$1500000,Traded
25,Dave Borkowski\borkoda01,24,DET,29.2,15,0,21,6.37,4.88,-0.19,-0.37,98.0,4.61,-6,-0.6,.56,0.1,-0.2,-2,.462,.497,,Free Agency
26,Toby Borland\borlato02,32,ANA,3.1,2,0,5,13.50,4.49,0.41,-0.34,92.0,3.45,-4,-0.3,.79,0.0,-0.3,-3,.342,.498,,Free Agency
27,Brian Bowles\bowlebr01,24,TOR,3.2,2,0,0,0.00,4.71,-0.02,-0.36,104.0,4.55,2,0.2,.19,-0.1,0.1,2,.596,.501,,Amateur Draft
28,Chad Bradford\bradfch01,26,OAK,36.2,35,0,12,2.95,5.13,0.12,-0.39,96.6,4.47,6,0.6,1.27,0.0,1.0,10,.517,.504,,Traded
29,Jeff Brantley\brantje01,37,TEX,21.0,18,0,12,5.14,5.10,-0.31,-0.38,103.6,5.20,0,0.0,.66,0.0,0.2,2,.500,.500,$650000,Free Agency
30,Leslie Brea\breale01,27,BAL,2.0,2,0,4,18.00,4.88,-0.14,-0.37,94.0,4.37,-3,-0.3,1.18,0.0,-0.3,-3,.368,.498,,Traded
31,Mark Buehrle*\buehrma01,22,CHW,221.1,32,32,89,3.62,4.93,0.04,0.18,101.7,5.16,37,3.9,,-0.1,6.0,63,.621,.524,$225000,Amateur Draft
32,Dave Burba\burbada01,34,CLE,150.2,32,27,112,6.69,4.69,-0.33,0.14,101.3,5.22,-25,-2.3,.88,-0.1,-0.9,-8,.427,.486,$5000000,Traded
33,Paul Byrd\byrdpa01,30,KCR,93.1,16,15,45,4.34,5.11,0.33,0.18,104.3,5.17,8,0.8,.92,-0.1,1.7,19,.552,.505,,Traded
34,Mickey Callaway\callami01,26,TBD,5.0,2,0,4,7.20,5.35,-0.18,-0.40,98.0,5.02,-1,-0.1,.27,0.0,0.0,-1,.442,.499,,Amateur Draft
35,Chris Carpenter\carpech01,26,TOR,215.2,34,34,112,4.67,4.93,-0.02,0.18,100.9,5.18,11,1.1,,-0.1,3.2,37,.533,.507,$2583333,Amateur Draft
36,Hector Carrasco\carrahe01,31,MIN,73.2,56,0,40,4.89,5.03,0.17,-0.38,101.0,4.52,-3,-0.3,.93,-0.1,0.3,5,.494,.498,$400000,Free Agency
37,Carlos Castillo\castica02,26,BOS,3.0,2,0,2,6.00,4.78,-0.41,-0.36,104.0,5.02,0,0.0,.57,0.0,0.0,0,.483,.500,,Free Agency
38,Frank Castillo\castifr01,32,BOS,136.2,26,26,72,4.74,4.92,-0.34,0.18,99.4,5.41,9,0.9,,-0.1,2.3,26,.536,.506,$2250000,Free Agency
39,Norm Charlton*\charlno01,38,SEA,47.2,44,0,19,3.59,5.09,0.55,-0.38,92.1,3.83,1,0.1,1.25,-0.1,0.5,7,.502,.501,,Free Agency
40,Randy Choate*\choatra01,25,NYY,48.1,37,0,21,3.91,4.99,-0.33,-0.33,97.8,4.89,5,0.5,.54,-0.2,0.8,11,.513,.503,$200000,Amateur Draft
41,Roger Clemens\clemero02,38,NYY,220.1,33,33,94,3.84,4.83,-0.33,0.18,98.5,5.27,34,3.5,,-0.1,5.7,60,.607,.522,$10300000,Traded
42,Pasqual Coco\cocopa01,23,TOR,14.1,7,1,8,5.02,4.57,-0.02,-0.19,100.9,4.45,-1,-0.1,.43,0.0,0.1,1,.486,.499,,Amateur Free Agent
43,Tony Cogan*\coganto01,24,KCR,24.2,39,0,17,6.20,5.31,0.32,-0.40,106.7,4.89,-4,-0.4,1.19,-0.1,-0.2,-1,.491,.498,$200000,Amateur Draft
44,Jesus Colome\colomje01,23,TBD,48.2,30,0,22,4.07,5.05,-0.17,-0.38,98.4,4.76,3,0.3,1.06,-0.1,0.8,9,.512,.502,,Traded
45,Bartolo Colon\colonba01,28,CLE,222.1,34,34,106,4.29,4.84,-0.29,0.18,99.9,5.30,24,2.4,,-0.1,4.6,50,.572,.515,$2625000,Amateur Free Agent
46,David Cone\coneda01,38,BOS,135.2,25,25,74,4.91,4.85,-0.33,0.18,99.4,5.32,6,0.6,,-0.1,1.9,22,.522,.503,$1000000,Free Agency
47,Brian Cooper\coopebr01,26,ANA,13.2,7,1,5,3.29,5.81,0.24,-0.20,99.7,5.35,3,0.3,.17,-0.1,0.4,5,.544,.502,,Amateur Draft
48,Francisco Cordero\cordefr01,26,TEX,2.1,3,0,1,3.86,5.12,-0.35,-0.39,96.0,4.88,0,0.0,2.34,0.0,0.1,1,.508,.500,$277500,Traded
49,Nate Cornejo\cornena01,21,DET,42.2,10,10,38,8.02,4.82,-0.25,0.18,95.9,5.04,-14,-1.3,,0.0,-0.8,-9,.375,.492,,Amateur Draft
50,Tim Crabtree\crabtti01,31,TEX,23.1,21,0,18,6.94,4.89,-0.32,-0.37,101.6,4.92,-5,-0.5,1.26,-0.1,-0.4,-3,.475,.497,$1300000,Traded
51,Paxton Crawford\crawfpa02,23,BOS,36.0,8,7,19,4.75,4.88,-0.35,0.15,98.7,5.30,2,0.2,.30,0.0,0.6,6,.525,.501,$200000,Amateur Draft
52,Doug Creek*\creekdo01,32,TBD,62.2,66,0,34,4.88,4.87,-0.14,-0.37,98.3,4.56,-3,-0.3,1.09,-0.1,0.3,5,.496,.498,$260000,Free Agency
53,Jack Cressend\cressja01,26,MIN,56.1,44,0,24,3.83,5.03,0.18,-0.38,99.8,4.46,4,0.4,.77,-0.2,0.8,10,.508,.502,,Waivers
54,Doug Davis*\davisdo02,25,TEX,186.0,30,30,103,4.98,5.15,-0.30,0.19,101.0,5.70,14,1.4,,-0.1,3.2,36,.547,.509,$250000,Amateur Draft
55,Matt DeWitt\dewitma01,23,TOR,19.0,16,0,8,3.79,4.93,-0.02,-0.37,100.3,4.60,2,0.2,.52,-0.1,0.3,4,.510,.501,,Traded
56,R.A. Dickey\dicker.01,26,TEX,12.0,4,0,9,6.75,5.09,-0.30,-0.16,106.5,5.57,-2,-0.2,.55,0.0,0.0,0,.461,.499,,Amateur Draft
57,Sean Douglass\douglse01,22,BAL,20.1,4,4,12,5.31,4.95,-0.08,0.18,93.8,4.89,-1,-0.1,,0.0,0.1,1,.475,.499,,Amateur Draft
58,Ryan Drese\dresery01,25,CLE,36.2,9,4,15,3.68,4.70,-0.29,0.04,101.5,5.11,6,0.6,.74,-0.1,0.9,10,.564,.504,,Amateur Draft
59,Tim Drew\drewti01,22,CLE,35.0,8,6,39,10.03,4.91,-0.39,0.10,101.7,5.50,-18,-1.5,1.28,-0.1,-1.2,-14,.318,.491,$202000,Amateur Draft
60,Justin Duchscherer\duchsju01,23,TEX,14.2,5,2,20,12.27,5.17,-0.34,0.02,103.8,5.74,-11,-0.9,.19,0.1,-0.6,-9,.324,.495,,Traded
61,Chad Durbin\durbich01,23,KCR,179.0,29,29,109,5.48,5.02,0.33,0.19,108.0,5.27,-5,-0.5,,-0.1,1.2,16,.483,.497,,Amateur Draft
62,Mike Duvall*\duvalmi01,26,MIN,4.2,8,0,4,7.71,6.13,0.20,-0.46,99.7,5.46,-1,-0.1,.71,0.0,-0.1,-1,.486,.499,,Free Agency
63,Cal Eldred\eldreca01,33,CHW,6.0,2,2,9,13.50,5.65,0.05,0.21,101.4,5.90,-5,-0.4,,0.0,-0.4,-4,.298,.498,$750000,Traded
64,Alan Embree*\embreal01,31,CHW,34.0,39,0,21,5.56,5.08,0.04,-0.38,102.9,4.79,-3,-0.3,1.19,-0.1,0.0,1,.492,.498,,Traded
65,Todd Erdos\erdosto01,27,BOS,16.1,10,0,9,4.96,4.70,-0.33,-0.35,100.0,4.68,-1,-0.1,.77,0.0,0.1,1,.494,.500,,Free Agency
66,Kelvim Escobar\escobke01,25,TOR,126.0,59,11,51,3.64,4.88,-0.02,-0.07,100.8,4.87,17,1.7,1.06,-0.1,2.9,31,.528,.510,$1500000,Amateur Free Agent
67,Scott Eyre*\eyresc01,29,TOR,15.2,17,0,6,3.45,4.92,-0.02,-0.37,99.3,4.54,2,0.2,1.94,0.1,0.4,4,.511,.501,,Traded
68,Bob File\filebo01,24,TOR,74.1,60,0,28,3.39,4.98,-0.02,-0.38,99.9,4.62,10,1.0,1.18,-0.1,1.7,19,.516,.506,,Amateur Draft
69,Chuck Finley*\finlech01,38,CLE,113.2,22,22,78,6.18,4.76,-0.31,0.17,100.1,5.25,-12,-1.2,,-0.1,-0.1,1,.447,.493,$9666667,Free Agency
70,Tony Fiore\fioreto01,29,2TM,9.2,7,0,6,5.59,4.85,0.05,-0.37,99.5,4.41,-1,-0.1,.33,0.0,0.0,0,.482,.500,,Free Agency
71,Bryce Florie\floribr01,31,BOS,8.2,7,0,11,11.42,4.59,-0.37,-0.35,103.1,4.76,-6,-0.6,.64,0.1,-0.4,-5,.416,.496,$1450000,Traded
72,Josh Fogg\foggjo01,24,CHW,13.1,11,0,3,2.03,5.03,0.03,-0.38,105.2,4.86,4,0.4,.79,-0.1,0.5,6,.538,.503,,Amateur Draft
73,Casey Fossum*\fossuca01,23,BOS,44.1,13,7,26,5.28,4.91,-0.34,0.06,99.1,5.27,0,0.0,.83,0.0,0.4,5,.498,.500,,Amateur Draft
74,Kevin Foster\fosteke01,32,TEX,17.2,9,0,14,7.13,5.18,-0.26,-0.26,103.1,5.34,-4,-0.3,.34,0.1,-0.1,-2,.462,.498,,Free Agency
75,Kris Foster\fostekr01,26,BAL,10.0,7,0,4,3.60,4.72,-0.08,-0.36,98.4,4.37,1,0.1,.28,0.0,0.1,2,.511,.500,,Traded
76,Keith Foulke\foulkke01,28,CHW,81.0,72,0,21,2.33,4.96,0.03,-0.37,102.8,4.68,21,2.1,1.94,0.8,3.7,30,.529,.513,$3100000,Traded
77,Ryan Franklin\frankry01,28,SEA,78.1,38,0,32,3.68,5.00,0.65,-0.31,95.4,3.85,1,0.1,.65,-0.2,0.8,10,.503,.501,$202500,Amateur Draft
78,John Frascatore\frascjo01,31,TOR,16.1,12,0,4,2.20,5.06,-0.03,-0.38,101.2,4.76,5,0.5,.80,-0.1,0.6,6,.538,.503,,Traded
79,Brian Fuentes*\fuentbr01,25,SEA,11.2,10,0,6,4.63,5.17,0.47,-0.39,104.3,4.50,0,0.0,1.12,0.0,0.1,1,.498,.500,,Amateur Draft
80,Mike Fyhrie\fyhrimi01,31,OAK,5.0,3,0,0,0.00,5.21,0.08,-0.39,98.9,4.69,3,0.3,.26,-0.1,0.2,3,.589,.502,,Traded
81,Rich Garces\garceri01,30,BOS,67.0,62,0,32,4.30,4.96,-0.31,-0.37,100.0,4.90,4,0.4,1.29,-0.1,1.1,12,.507,.503,$1375000,Free Agency
82,Freddy Garcia\garcifr03,24,SEA,238.2,34,34,88,3.32,4.90,0.64,0.18,91.3,4.06,18,1.9,,-0.1,4.2,47,.555,.512,$425000,Traded
83,Jon Garland\garlajo01,21,CHW,117.0,35,16,59,4.54,4.85,0.04,0.01,103.5,4.99,5,0.5,.83,-0.1,1.6,19,.515,.503,,Traded
84,Chris George*\georgch02,21,KCR,74.0,13,13,48,5.84,5.04,0.34,0.19,105.2,5.14,-6,-0.6,,0.0,0.1,3,.455,.496,,Amateur Draft
85,Matt Ginter\gintema01,23,CHW,39.2,20,0,23,5.22,4.92,0.04,-0.23,104.8,4.88,-2,-0.2,.60,0.0,0.2,3,.492,.499,,Amateur Draft
86,Gary Glover\glovega01,24,CHW,100.1,46,11,61,5.47,5.09,0.04,-0.06,103.0,5.14,-4,-0.4,1.24,-0.1,0.5,8,.491,.497,$200000,Traded
87,Ryan Glynn\glynnry01,26,TEX,46.0,12,9,38,7.43,5.01,-0.34,0.12,100.0,5.47,-10,-0.9,.17,0.0,-0.5,-5,.422,.494,$240000,Amateur Draft
88,Steve Green\greenst01,23,ANA,6.0,1,1,2,3.00,5.78,0.21,0.21,94.0,5.44,2,0.2,,0.0,0.2,2,.672,.501,,Amateur Draft
89,Jason Grimsley\grimsja01,33,KCR,80.1,73,0,32,3.59,5.03,0.28,-0.38,107.2,4.68,9,0.9,1.47,0.1,1.9,19,.513,.506,$750000,Free Agency
90,Buddy Groom*\groombu01,35,BAL,66.0,70,0,28,3.82,4.93,-0.07,-0.37,95.9,4.44,4,0.4,1.62,0.0,1.1,12,.506,.503,$2000000,Free Agency
91,Eddie Guardado*\guarded01,30,MIN,66.2,67,0,27,3.65,4.98,0.15,-0.38,100.8,4.48,6,0.6,1.47,0.0,1.3,14,.509,.504,$1800000,Amateur Draft
92,Mark Guthrie*\guthrma01,35,OAK,52.1,54,0,29,4.99,5.23,0.11,-0.39,95.8,4.53,-3,-0.3,1.45,-0.2,0.1,3,.495,.498,$1800000,Free Agency
93,John Halama*\halamjo01,29,SEA,110.1,31,17,69,5.63,5.00,0.76,0.05,89.3,3.84,-23,-2.1,.64,0.0,-0.9,-10,.433,.487,$425000,Traded
94,Roy Halladay\hallaro01,24,TOR,105.1,17,16,41,3.50,4.96,-0.02,0.17,99.5,5.13,19,1.9,.52,-0.1,3.0,31,.615,.512,,Amateur Draft
95,Joey Hamilton\hamiljo02,30,TOR,122.1,22,22,88,6.47,4.83,-0.03,0.18,101.5,5.11,-19,-1.8,,-0.1,-0.6,-5,.420,.489,$7250000,Traded
96,Travis Harper\harpetr01,25,TBD,7.0,2,2,11,14.14,4.80,-0.24,0.02,99.3,5.03,-7,-0.5,,0.0,-0.5,-6,.241,.497,$202000,Free Agency
97,Chad Harville\harvich01,24,OAK,3.0,3,0,0,0.00,4.62,0.12,-0.35,99.5,4.13,1,0.1,.46,0.0,0.1,2,.546,.501,$204000,Amateur Draft
98,Shigetoshi Hasegawa\hasegsh01,32,ANA,55.2,46,0,28,4.53,5.19,0.23,-0.39,99.6,4.55,0,0.0,1.38,-0.1,0.5,6,.500,.500,$1500000,Purchased
99,LaTroy Hawkins\hawkila01,28,MIN,51.1,62,0,34,5.96,4.99,0.19,-0.38,101.7,4.50,-9,-0.8,1.82,-0.4,-0.7,-3,.487,.495,$1450000,Amateur Draft
100,Rick Helling\helliri01,30,TEX,215.2,34,34,134,5.59,4.90,-0.29,0.18,103.5,5.56,-2,-0.2,,-0.1,1.9,24,.495,.499,$4500000,Traded
101,Doug Henry\henrydo01,37,KCR,75.2,53,0,53,6.30,5.01,0.30,-0.34,108.4,4.73,-14,-1.3,.74,0.0,-0.5,-5,.475,.492,$1200000,Free Agency
102,Pat Hentgen\hentgpa01,32,BAL,62.1,9,9,25,3.61,4.92,-0.08,0.18,94.2,4.89,9,0.9,,0.0,1.5,16,.599,.505,$4500000,Free Agency
103,Gil Heredia\heredgi01,35,OAK,109.2,24,18,75,6.16,5.13,0.15,0.13,96.5,4.94,-15,-1.4,.55,0.0,-0.3,-2,.440,.491,$3300000,Free Agency
104,Adrian Hernandez\hernaad01,26,NYY,22.0,6,3,10,4.09,4.80,-0.37,0.01,96.3,4.99,2,0.2,.97,0.0,0.4,5,.535,.501,,Amateur Free Agent
105,Orlando Hernandez\hernaor01,35,NYY,94.2,17,16,51,4.85,4.92,-0.36,0.15,99.3,5.39,5,0.5,1.17,-0.1,1.4,16,.531,.503,$2050000,Amateur Free Agent
106,Roberto Hernandez\hernaro01,36,KCR,67.2,63,0,34,4.52,5.06,0.30,-0.38,108.2,4.73,1,0.1,1.51,-0.1,0.7,9,.502,.501,$6000000,Traded
107,Erik Hiljus\hiljuer01,28,OAK,66.0,16,11,29,3.95,5.13,0.12,0.16,96.5,4.99,7,0.7,.84,0.0,1.4,15,.546,.505,,Free Agency
108,Ken Hill\hillke01,35,TBD,7.1,5,0,11,13.50,4.66,-0.22,-0.35,96.4,4.37,-7,-0.7,.99,0.0,-0.6,-7,.370,.496,$750000,Free Agency
109,Sterling Hitchcock*\hitchst01,30,NYY,51.1,10,9,37,6.49,4.84,-0.43,0.16,100.2,5.45,-6,-0.6,.85,0.0,-0.1,0,.442,.496,,Traded
110,Chris Holt\holtch01,29,DET,151.1,30,22,102,6.07,5.03,-0.24,0.12,95.4,5.13,-16,-1.6,.42,-0.1,0.0,1,.448,.490,$1850000,Traded
111,Mike Holtz*\holtzmi01,28,ANA,37.0,63,0,24,5.84,5.71,0.23,-0.43,99.3,5.01,-4,-0.4,1.16,-0.1,-0.1,1,.494,.498,$705000,Amateur Draft
112,Bob Howry\howrybo01,27,CHW,78.2,69,0,41,4.69,4.96,0.04,-0.37,103.9,4.73,0,0.0,1.41,-0.2,0.7,9,.500,.500,$375000,Traded
113,Tim Hudson\hudsoti01,25,OAK,235.0,35,35,100,3.83,4.84,0.12,0.18,96.1,4.71,22,2.2,,-0.1,4.5,50,.564,.514,$525000,Amateur Draft
114,Jason Isringhausen\isrinja01,28,OAK,71.1,65,0,24,3.03,5.02,0.11,-0.38,96.2,4.37,10,1.0,1.57,0.1,1.9,19,.516,.506,$3300000,Traded
115,Brett Jodie\jodiebr01,24,NYY,2.0,1,1,6,27.00,4.76,-0.70,0.18,100.0,5.63,-5,-0.3,,0.0,-0.3,-5,.189,.498,,Amateur Draft
116,Adam Johnson\johnsad01,21,MIN,25.0,7,4,25,9.00,5.48,0.19,0.08,99.5,5.34,-10,-0.9,.32,0.0,-0.6,-7,.372,.494,,Amateur Draft
117,Jason Johnson\johnsja02,27,BAL,196.0,32,32,109,5.01,4.80,-0.08,0.18,95.5,4.83,-5,-0.5,,-0.1,1.4,18,.485,.497,$350000,Traded
118,Jonathan Johnson\johnsjo08,26,TEX,10.1,5,0,11,9.58,5.15,-0.29,-0.39,98.9,4.99,-5,-0.5,.27,0.2,-0.2,-4,.404,.497,$202500,Amateur Draft
119,Todd Jones\jonesto02,33,2TM,68.0,69,0,39,5.16,4.93,-0.10,-0.37,97.5,4.53,-5,-0.5,1.27,-0.3,0.0,3,.493,.498,$3975000,Traded
120,Mike Judd\juddmi01,26,2TM,29.0,12,3,24,7.45,4.78,-0.24,-0.08,96.4,4.76,-9,-0.8,.26,0.1,-0.4,-5,.433,.498,$208000,Conditional Deal
121,Jorge Julio\juliojo01,22,BAL,21.1,18,0,13,5.48,5.03,-0.08,-0.38,95.2,4.50,-2,-0.2,1.14,-0.1,-0.1,0,.487,.499,,Traded
122,Steve Karsay\karsast01,29,CLE,43.1,31,0,6,1.25,4.71,-0.26,-0.36,101.5,4.69,16,1.7,1.19,0.1,2.2,21,.554,.510,$2700000,Traded
123,Randy Keisler*\keislra01,25,NYY,50.2,10,10,36,6.39,4.75,-0.38,0.18,99.1,5.26,-7,-0.6,,0.0,-0.1,-1,.438,.496,,Amateur Draft
124,Joe Kennedy*\kennejo04,22,TBD,117.2,20,20,63,4.82,4.92,-0.18,0.18,99.9,5.27,5,0.5,,-0.1,1.7,19,.526,.503,,Amateur Draft
125,Sun-Woo Kim\kimsu01,23,BOS,41.2,20,2,27,5.83,4.85,-0.37,-0.23,99.3,4.95,-4,-0.4,.48,0.0,0.0,1,.479,.497,,Amateur Free Agent
126,Brandon Knight\knighbr01,25,NYY,10.2,4,0,12,10.13,4.50,-0.46,-0.13,98.6,4.76,-6,-0.6,.83,0.0,-0.4,-5,.362,.497,,Rule 5 returned
127,Billy Koch\kochbi01,26,TOR,69.1,69,0,39,5.06,4.96,-0.02,-0.37,100.9,4.65,-4,-0.3,1.75,-0.3,0.1,5,.495,.498,$733333,Amateur Draft
128,Ryan Kohlmeier\kohlmry01,24,BAL,40.2,34,1,33,7.30,4.83,-0.08,-0.30,94.8,4.37,-13,-1.3,.98,-0.1,-0.9,-9,.462,.492,$230000,Amateur Draft
129,Danny Kolb\kolbda01,26,TEX,15.1,17,0,8,4.70,4.98,-0.26,-0.38,104.9,5.10,1,0.1,1.20,0.0,0.2,2,.504,.500,$202500,Amateur Draft
130,Tim Laker\lakerti01,31,CLE,1.0,1,0,0,0.00,4.87,-0.31,-0.37,106.0,5.09,1,0.1,.00,0.0,0.0,1,.557,.500,,Free Agency
131,Al Levine\levinal01,33,ANA,75.2,64,1,25,2.97,5.19,0.24,-0.37,99.4,4.55,13,1.3,1.63,0.2,2.3,22,.520,.508,$715000,Waivers
132,Cory Lidle\lidleco01,29,OAK,188.0,29,29,84,4.02,4.93,0.12,0.18,96.9,4.83,16,1.6,,-0.1,3.5,38,.556,.510,,Traded
133,Ted Lilly*\lillyte01,25,NYY,120.2,26,21,81,6.04,4.83,-0.36,0.12,97.7,5.19,-12,-1.1,.55,-0.1,0.1,2,.456,.493,,Traded
134,Jose Lima\limajo01,28,DET,112.2,18,18,66,5.27,4.89,-0.23,0.18,96.5,5.11,-3,-0.3,,-0.1,0.8,11,.486,.498,,Traded
135,Esteban Loaiza\loaizes01,29,TOR,190.0,36,30,113,5.35,4.87,-0.03,0.15,102.4,5.17,-5,-0.5,.72,-0.1,1.4,17,.487,.497,$4250000,Traded
136,Kyle Lohse\lohseky01,22,MIN,90.1,19,16,60,5.98,4.95,0.19,0.15,99.4,4.87,-12,-1.1,.14,0.0,-0.2,-1,.443,.493,,Traded
137,Albie Lopez\lopezal02,29,TBD,124.2,20,20,87,6.28,4.81,-0.19,0.18,97.7,5.06,-18,-1.6,,-0.1,-0.4,-3,.420,.490,$2975000,Expansion Draft
138,Derek Lowe\lowede01,28,BOS,91.2,67,3,39,3.83,4.90,-0.32,-0.27,99.8,4.94,11,1.1,1.66,0.1,2.2,22,.516,.507,$2125000,Traded
139,Sean Lowe\lowese01,30,CHW,127.0,45,11,55,3.90,4.94,0.04,-0.04,102.7,4.99,15,1.5,.96,-0.2,2.7,30,.533,.509,$300000,Traded
140,Mark Lukasiewicz*\lukasma01,28,ANA,22.1,24,0,17,6.85,5.22,0.21,-0.39,97.1,4.49,-6,-0.6,.74,0.0,-0.3,-3,.476,.496,,Waivers
141,Brandon Lyon\lyonbr01,21,TOR,63.0,11,11,31,4.43,4.79,-0.02,0.18,99.4,4.96,3,0.3,,0.0,1.0,11,.531,.502,,Amateur Draft
142,Mike MacDougal\macdomi01,24,KCR,15.1,3,3,10,5.87,5.19,0.34,0.19,111.6,5.62,-1,0.0,,0.0,0.1,1,.484,.500,,Amateur Draft
143,Calvin Maduro\madurca01,26,BAL,93.2,22,12,44,4.23,4.99,-0.08,0.06,97.5,5.01,8,0.8,1.14,-0.1,1.7,19,.535,.505,$210000,Free Agency
144,Mike Magnante*\magnami01,36,OAK,55.1,65,0,23,3.74,5.26,0.13,-0.40,96.1,4.55,5,0.5,1.43,0.0,1.0,11,.507,.503,$900000,Free Agency
145,Pat Mahomes\mahompa01,30,TEX,107.1,56,4,71,5.95,5.19,-0.29,-0.29,102.3,5.32,-8,-0.8,1.07,-0.2,0.1,5,.486,.495,$500000,Free Agency
146,Pedro Martinez\martipe02,29,BOS,116.2,18,18,33,2.55,4.99,-0.23,0.19,99.2,5.36,36,3.9,,-0.1,5.1,50,.719,.524,$13000000,Traded
147,T.J. Mathews\mathet.01,31,OAK,23.0,20,0,14,5.48,5.01,0.13,-0.38,98.0,4.41,-3,-0.3,.86,0.0,-0.1,0,.486,.498,$1900000,Traded
148,Joe Mays\maysjo01,25,MIN,233.2,34,34,87,3.35,4.92,0.19,0.18,101.3,4.98,41,4.3,,-0.1,6.6,69,.628,.527,$260000,Traded
149,Allen McDill*\mcdilal01,29,BOS,14.2,15,0,9,5.52,5.01,-0.28,-0.38,98.8,4.86,-1,-0.1,.50,0.0,0.0,1,.492,.499,,Free Agency
150,Chuck McElroy*\mcelrch01,33,BAL,45.1,18,5,29,5.76,5.07,-0.09,-0.08,95.0,4.82,-5,-0.5,1.22,-0.1,-0.1,0,.473,.497,$1520000,Traded
151,Rusty Meacham\meachru01,33,TBD,35.1,24,0,24,6.11,4.76,-0.21,-0.36,97.7,4.50,-7,-0.6,.87,0.0,-0.3,-2,.474,.496,,Free Agency
152,Brian Meadows\meadobr01,25,KCR,50.1,10,10,41,7.33,4.95,0.36,0.18,108.2,5.17,-12,-1.1,,0.0,-0.6,-6,.390,.493,$1900000,Traded
153,Jim Mecir\mecirji01,31,OAK,63.0,54,0,25,3.57,4.96,0.11,-0.37,97.1,4.35,5,0.5,1.48,0.0,1.2,13,.509,.503,$1116667,Traded
154,Ramiro Mendoza\mendora01,29,NYY,100.2,56,2,44,3.93,4.84,-0.36,-0.29,97.7,4.80,9,0.9,1.57,0.0,2.0,21,.516,.506,$1600000,Amateur Free Agent
155,Jose Mercedes\mercejo02,30,BAL,184.0,33,31,125,6.11,4.90,-0.08,0.18,95.9,4.95,-25,-2.3,1.44,-0.1,-0.5,-3,.430,.486,$2750000,Free Agency
156,Bart Miadich\miadiba01,25,ANA,10.0,11,0,5,4.50,5.36,0.16,-0.40,99.8,4.78,0,0.0,.28,0.0,0.1,1,.502,.500,,Free Agency
157,Chris Michalak*\michach01,30,2TM,136.2,35,18,74,4.87,4.88,-0.07,0.04,101.4,5.07,2,0.2,.89,-0.1,1.6,18,.507,.500,$200000,Waivers
158,Matt Miller*\millema01,26,DET,9.2,13,0,8,7.45,4.58,-0.25,-0.35,94.3,4.22,-4,-0.3,1.11,0.0,-0.3,-2,.474,.498,,Amateur Draft
159,Travis Miller*\milletr01,28,MIN,48.2,45,0,30,5.55,5.07,0.19,-0.38,101.2,4.55,-6,-0.5,.84,-0.1,-0.1,0,.488,.497,$255000,Amateur Draft
160,Alan Mills\millsal01,34,BAL,14.0,15,0,15,9.64,4.74,-0.09,-0.36,97.9,4.38,-8,-0.8,.84,0.0,-0.6,-7,.448,.495,$3000000,Traded
161,Eric Milton*\miltoer01,25,MIN,220.2,35,34,109,4.45,5.05,0.19,0.18,100.4,5.07,14,1.4,.69,-0.1,3.6,40,.541,.509,$2150000,Traded
162,Dave Mlicki\mlickda01,33,DET,81.0,15,15,69,7.67,4.85,-0.24,0.18,97.8,5.15,-23,-2.0,,0.0,-1.2,-13,.367,.488,$5300000,Traded
163,Brian Moehler\moehlbr01,29,DET,8.0,1,1,3,3.38,4.82,-0.22,0.18,90.0,4.69,1,0.1,,0.0,0.2,2,.619,.501,$2416667,Amateur Draft
164,Juan Moreno*\morenju02,26,TEX,41.1,45,0,21,4.57,5.15,-0.23,-0.39,102.7,5.12,2,0.2,.91,-0.1,0.6,7,.505,.501,,Free Agency
165,Jamie Moyer*\moyerja01,38,SEA,209.2,33,33,84,3.61,4.93,0.67,0.18,95.0,4.22,13,1.3,,-0.1,3.4,38,.540,.508,$6500000,Traded
166,Mark Mulder*\muldema01,23,OAK,229.1,34,34,92,3.61,5.01,0.12,0.19,97.3,4.94,33,3.4,,-0.1,5.6,60,.600,.521,$232500,Amateur Draft
167,Scott Mullen*\mullesc01,26,KCR,10.0,17,0,6,5.40,5.35,0.38,-0.40,109.0,4.97,-1,-0.1,.68,0.0,0.0,1,.497,.500,$200000,Amateur Draft
168,Heath Murray*\murrahe01,28,DET,63.1,40,4,48,6.82,4.97,-0.22,-0.24,96.2,4.76,-15,-1.4,.81,0.0,-0.7,-7,.465,.491,,Free Agency
169,Mike Mussina\mussimi01,32,NYY,228.2,34,34,87,3.42,4.82,-0.33,0.17,99.2,5.28,46,4.9,,-0.1,7.1,73,.644,.530,$10000000,Free Agency
170,Aaron Myette\myettaa01,23,TEX,80.2,19,15,65,7.25,4.74,-0.28,0.09,103.7,5.31,-18,-1.6,.13,0.1,-0.7,-8,.414,.490,,Traded
171,Charles Nagy\nagych01,34,CLE,70.1,15,13,53,6.78,5.14,-0.38,0.14,101.4,5.74,-9,-0.8,2.10,-0.1,-0.2,0,.447,.495,$6000000,Amateur Draft
172,Jeff Nelson\nelsoje01,34,SEA,65.1,69,0,21,2.89,4.96,0.43,-0.37,92.5,3.85,7,0.6,1.39,0.0,1.3,14,.509,.504,$3333333,Free Agency
173,C.J. Nitkowski*\nitkoc.01,28,DET,45.1,56,0,30,5.96,5.09,-0.21,-0.38,96.8,4.76,-6,-0.6,1.18,-0.1,-0.3,-1,.489,.496,$1200000,Traded
174,Hideo Nomo\nomohi01,32,BOS,198.0,33,33,105,4.77,4.90,-0.28,0.18,100.0,5.35,12,1.2,,-0.1,3.1,35,.535,.507,$4500000,Free Agency
175,Tomo Ohka\ohkato01,25,BOS,52.1,12,11,40,6.88,4.80,-0.36,0.17,100.3,5.35,-9,-0.8,.09,0.0,-0.3,-3,.429,.495,$225000,Purchased
176,Darren Oliver*\oliveda02,30,TEX,154.0,28,28,109,6.37,5.17,-0.30,0.19,101.1,5.73,-12,-1.1,,-0.1,0.4,6,.460,.493,$7000000,Free Agency
177,Ramon Ortiz\ortizra02,28,ANA,208.2,32,32,114,4.92,5.12,0.25,0.19,100.3,5.07,3,0.2,,-0.1,2.3,27,.508,.502,$250000,Amateur Free Agent
178,Antonio Osuna\osunaan01,28,CHW,4.1,4,0,10,20.77,5.48,0.04,-0.41,103.9,5.22,-8,-0.6,.73,0.1,-0.5,-7,.342,.496,$1500000,Traded
179,Lance Painter*\paintla01,33,TOR,18.1,10,0,17,8.35,4.81,-0.03,-0.36,101.7,4.55,-8,-0.7,.39,0.2,-0.3,-6,.428,.496,$1000000,Traded
180,Jose Paniagua\paniajo01,27,SEA,66.0,60,0,35,4.77,5.04,0.65,-0.38,92.7,3.71,-8,-0.8,1.45,-0.3,-0.4,0,.487,.495,$837500,Waivers
181,Christian Parker\parkech01,25,NYY,3.0,1,1,7,21.00,4.76,-0.62,0.18,100.0,5.55,-5,-0.3,,0.0,-0.3,-5,.174,.498,$200000,Traded
182,Chad Paronto\paronch01,25,BAL,27.0,24,0,24,8.00,5.00,-0.09,-0.38,93.5,4.40,-11,-1.0,.97,0.0,-0.8,-8,.457,.494,,Amateur Draft
183,Jim Parque*\parquji01,26,CHW,28.0,5,5,26,8.36,5.09,0.05,0.19,105.1,5.49,-9,-0.8,,0.0,-0.5,-6,.347,.495,$550000,Amateur Draft
184,Steve Parris\parrist01,33,TOR,105.2,19,19,60,5.11,4.73,-0.03,0.18,100.5,4.96,-2,-0.2,,-0.1,0.8,10,.488,.499,$2275000,Traded
185,John Parrish*\parrijo01,23,BAL,22.0,16,1,17,6.95,5.22,-0.07,-0.23,97.5,4.93,-5,-0.5,.76,0.0,-0.2,-2,.470,.497,,Amateur Draft
186,Danny Patterson\patteda04,30,DET,64.2,60,0,24,3.34,5.02,-0.22,-0.38,95.6,4.65,9,0.9,1.67,0.2,1.8,17,.515,.506,$1100000,Traded
187,Troy Percival\percitr01,31,ANA,57.2,57,0,19,2.97,5.11,0.18,-0.39,98.6,4.48,9,0.9,1.99,0.3,1.9,16,.516,.506,$3400000,Amateur Draft
188,Matt Perisho*\perisma01,26,DET,39.1,30,4,29,6.64,5.18,-0.25,-0.16,97.0,5.10,-7,-0.7,1.47,-0.2,-0.4,-2,.478,.496,$255000,Traded
189,Mark Petkovsek\petkoma01,35,TEX,76.2,55,0,61,7.16,5.17,-0.33,-0.39,102.1,5.22,-17,-1.6,1.00,-0.2,-1.0,-8,.471,.490,$2050000,Free Agency
190,Andy Pettitte*\pettian01,29,NYY,200.2,31,31,103,4.62,4.79,-0.38,0.18,99.8,5.34,15,1.5,,-0.1,3.5,39,.549,.509,$7000000,Amateur Draft
191,Adam Pettyjohn*\pettyad01,24,DET,65.0,16,9,48,6.65,5.06,-0.23,0.09,99.0,5.33,-10,-0.9,.48,0.0,-0.3,-2,.442,.494,,Amateur Draft
192,Travis Phelps\phelptr01,23,TBD,62.0,49,0,30,4.35,4.97,-0.16,-0.37,99.3,4.73,2,0.2,1.01,-0.1,0.8,10,.504,.501,,Amateur Draft
193,Hipolito Pichardo\pichahi01,31,BOS,34.2,30,0,23,5.97,4.86,-0.38,-0.37,101.6,4.95,-4,-0.4,1.05,-0.1,-0.1,0,.487,.498,$1660000,Free Agency
194,Luis Pineda\pinedlu01,26,DET,18.1,16,0,10,4.91,5.15,-0.20,-0.39,95.2,4.72,0,0.0,.95,0.0,0.1,2,.497,.500,,Free Agency
195,Joel Pineiro\pineijo01,22,SEA,75.1,17,11,24,2.87,4.80,0.58,0.06,90.4,3.87,8,0.8,.59,-0.1,1.5,17,.548,.505,,Amateur Draft
196,Dan Plesac*\plesada01,39,TOR,45.1,62,0,18,3.57,5.07,-0.02,-0.38,101.2,4.76,6,0.6,1.55,0.1,1.1,11,.509,.503,$2200000,Free Agency
197,Sidney Ponson\ponsosi01,24,BAL,138.1,23,23,83,5.40,4.84,-0.08,0.17,96.8,4.93,-8,-0.8,,-0.1,0.6,8,.467,.495,$2100000,Amateur Free Agent
198,Lou Pote\potelo01,29,ANA,86.2,44,1,41,4.26,5.19,0.24,-0.33,99.5,4.60,3,0.3,.54,-0.2,1.0,13,.506,.502,$215000,Free Agency
199,Ariel Prieto\prietar01,31,TBD,3.2,3,0,1,2.45,4.71,-0.21,-0.36,99.9,4.56,1,0.1,.07,0.0,0.1,1,.528,.501,$700000,Free Agency
200,Bill Pulsipher*\pulsibi01,27,2TM,30.0,37,0,23,6.90,5.17,-0.23,-0.39,100.5,5.03,-6,-0.6,1.06,-0.1,-0.4,-3,.483,.498,,Free Agency
201,Paul Quantrill\quantpa01,32,TOR,83.0,80,0,29,3.14,4.95,-0.02,-0.37,100.9,4.64,13,1.3,1.55,0.2,2.4,23,.517,.508,$1800000,Traded
202,Scott Radinsky*\radinsc01,33,CLE,2.0,2,0,6,27.00,4.83,-0.35,-0.36,105.5,5.09,-5,-0.4,1.27,-0.1,-0.4,-5,.304,.498,,Free Agency
203,Brad Radke\radkebr01,28,MIN,226.0,33,33,105,4.18,5.03,0.19,0.19,101.2,5.09,22,2.2,,-0.1,4.4,48,.567,.514,$7750000,Amateur Draft
204,Pat Rapp\rapppa01,33,ANA,170.0,31,28,96,5.08,5.22,0.25,0.18,99.4,5.11,0,0.0,.31,-0.1,1.6,20,.499,.500,$2000000,Free Agency
205,Mark Redman*\redmama01,27,2TM,58.0,11,11,32,4.97,4.76,0.13,0.16,101.1,4.81,-1,-0.1,,0.0,0.4,6,.489,.500,$235000,Traded
206,Rick Reed\reedri01,36,MIN,67.2,12,12,45,5.99,4.86,0.21,0.18,101.9,4.92,-8,-0.8,,0.0,-0.1,0,.435,.495,,Traded
207,Steve Reed\reedst01,36,CLE,27.1,31,0,11,3.62,4.74,-0.30,-0.36,100.2,4.69,3,0.3,.85,-0.1,0.5,6,.510,.502,$1600000,Traded
208,Dan Reichert\reichda01,24,KCR,123.0,27,19,83,6.07,5.08,0.31,0.13,107.2,5.25,-12,-1.1,.60,-0.1,0.1,3,.458,.493,$265000,Amateur Draft
209,Bryan Rekar\rekarbr01,29,TBD,140.2,25,25,104,6.65,4.94,-0.19,0.18,98.5,5.23,-23,-2.1,,-0.1,-0.7,-6,.416,.487,$1400000,Expansion Draft
210,Arthur Rhodes*\rhodear01,31,SEA,68.0,71,0,14,1.85,4.97,0.49,-0.37,93.5,3.83,15,1.5,1.65,0.3,2.5,23,.521,.509,$3250000,Free Agency
211,Juan Rincon\rincoju01,22,MIN,5.2,4,0,5,7.94,5.14,0.19,-0.39,95.1,4.34,-2,-0.2,.21,0.1,-0.1,-2,.446,.499,,Amateur Free Agent
212,Ricardo Rincon*\rincori01,31,CLE,54.0,67,0,18,3.00,4.92,-0.28,-0.37,100.1,4.83,11,1.1,1.18,0.0,1.6,17,.516,.507,$1500000,Traded
213,David Riske\riskeda01,24,CLE,27.1,26,0,7,2.30,5.42,-0.25,-0.41,99.9,5.25,9,0.9,1.14,0.0,1.2,12,.534,.505,,Amateur Draft
214,Mariano Rivera\riverma01,31,NYY,80.2,71,0,24,2.68,4.77,-0.31,-0.36,99.0,4.68,17,1.7,2.05,0.8,3.4,27,.525,.511,$9150000,Amateur Free Agent
215,Willis Roberts\roberwi01,26,BAL,132.0,46,18,75,5.11,4.82,-0.08,0.06,95.1,4.71,-7,-0.6,1.35,-0.1,0.6,9,.486,.496,$200000,Free Agency
216,John Rocker*\rockejo01,26,CLE,34.2,38,0,23,5.97,5.06,-0.27,-0.38,102.1,5.05,-4,-0.4,1.48,-0.2,-0.2,0,.490,.498,,Traded
217,Rich Rodriguez*\rodriri02,38,CLE,39.0,53,0,24,5.54,4.97,-0.31,-0.37,99.9,4.90,-3,-0.3,1.03,-0.1,0.1,2,.495,.498,,Free Agency
218,Kenny Rogers*\rogerke01,36,TEX,120.2,20,20,88,6.56,5.08,-0.31,0.19,104.1,5.80,-11,-1.0,,-0.1,0.2,3,.449,.494,$7500000,Free Agency
219,J.C. Romero*\romerj.01,25,MIN,65.0,14,11,48,6.65,4.76,0.20,0.14,102.6,4.82,-14,-1.2,.34,0.0,-0.6,-6,.412,.492,$207500,Amateur Draft
220,Brian Rose\rosebr01,25,TBD,20.1,7,3,20,8.85,5.14,-0.21,-0.07,100.5,5.30,-8,-0.7,.17,0.1,-0.4,-6,.396,.496,,Waivers
221,Ryan Rupe\rupery01,26,TBD,143.1,28,26,111,6.97,4.88,-0.17,0.17,97.0,5.06,-31,-2.8,3.04,-0.1,-1.5,-14,.400,.483,$242500,Amateur Draft
222,B.J. Ryan*\ryanb.01,25,BAL,53.0,61,0,31,5.26,4.95,-0.07,-0.37,95.1,4.42,-5,-0.5,1.31,-0.2,-0.1,1,.492,.497,$210000,Traded
223,CC Sabathia*\sabatc.01,20,CLE,180.1,33,33,93,4.64,4.72,-0.27,0.17,102.0,5.26,12,1.2,,-0.1,2.9,33,.535,.507,,Amateur Draft
224,Bret Saberhagen\saberbr01,37,BOS,15.0,3,3,11,6.60,4.91,-0.36,0.18,98.2,5.36,-2,-0.2,,0.0,-0.1,0,.433,.499,$5000000,Free Agency
225,Johan Santana*\santajo02,22,MIN,43.2,15,4,25,5.15,5.03,0.19,0.01,102.0,4.94,-1,-0.1,.40,0.0,0.3,4,.492,.499,$212500,Traded
226,Jose Santiago\santijo03,26,KCR,29.1,20,0,22,6.75,5.03,0.36,-0.38,110.7,4.75,-7,-0.6,1.20,-0.1,-0.5,-3,.468,.496,$260000,Amateur Draft
227,Victor Santos\santovi01,24,DET,76.1,33,7,33,3.89,4.92,-0.20,-0.11,96.0,4.80,7,0.7,.67,-0.2,1.4,16,.522,.505,,Amateur Free Agent
228,Kazuhiro Sasaki\sasakka01,33,SEA,66.2,69,0,24,3.24,4.96,0.57,-0.37,93.8,3.76,4,0.3,1.84,0.0,1.1,11,.505,.502,$4666667,Amateur Free Agent
229,Scott Schoeneweis*\schoesc01,27,ANA,205.1,32,32,122,5.35,5.20,0.26,0.19,97.9,5.02,-9,-0.8,,-0.1,1.2,16,.474,.495,$275000,Amateur Draft
230,Pete Schourek*\schoupe01,32,BOS,30.1,33,0,19,5.64,5.10,-0.34,-0.38,100.9,5.10,-2,-0.2,1.18,-0.1,0.1,2,.494,.499,$1000000,Free Agency
231,Bobby Seay*\seaybo01,23,TBD,13.0,12,0,11,7.62,5.16,-0.17,-0.39,96.9,4.79,-4,-0.4,.39,0.1,-0.2,-3,.467,.498,,Free Agency
232,Aaron Sele\seleaa01,31,SEA,215.0,34,33,93,3.89,5.01,0.70,0.18,91.6,4.10,4,0.4,.27,-0.1,2.5,29,.511,.502,$7000000,Free Agency
233,Scot Shields\shielsc01,25,ANA,11.0,8,0,1,0.82,5.17,0.23,-0.39,108.0,4.93,5,0.5,.14,-0.2,0.4,6,.563,.503,,Amateur Draft
234,Paul Shuey\shueypa01,30,CLE,54.1,47,0,25,4.14,4.76,-0.27,-0.36,101.3,4.73,3,0.3,1.45,0.0,0.9,10,.507,.502,$2000000,Amateur Draft
235,J.D. Smart\smartj.01,27,TEX,15.1,15,0,11,6.46,5.05,-0.31,-0.38,99.0,4.93,-3,-0.3,1.04,0.0,-0.1,-1,.483,.498,,Free Agency
236,Roy Smith\smithro03,25,CLE,16.1,9,0,14,7.71,4.80,-0.29,-0.11,98.8,4.92,-5,-0.5,.89,0.0,-0.3,-3,.446,.497,,Free Agency
237,Steve Sparks\sparkst01,35,DET,232.0,35,33,110,4.27,4.97,-0.22,0.18,95.8,5.15,22,2.2,.01,-0.1,4.5,49,.563,.514,$650000,Free Agency
238,Justin Speier\speieju01,27,CLE,20.2,12,0,16,6.97,4.83,-0.33,-0.24,101.8,5.01,-5,-0.4,.92,0.0,-0.2,-2,.463,.497,$243000,Waivers
239,Jason Standridge\standja01,22,TBD,19.1,9,1,10,4.66,5.07,-0.18,-0.20,98.9,5.00,1,0.1,.16,0.0,0.2,3,.507,.500,,Amateur Draft
240,Mike Stanton*\stantmi02,34,NYY,80.1,76,0,25,2.80,4.93,-0.34,-0.37,98.9,4.84,18,1.8,1.30,0.1,2.7,27,.523,.511,$2450000,Free Agency
241,Denny Stark\starkde01,26,SEA,14.2,4,3,15,9.20,5.01,0.73,0.07,98.5,4.28,-8,-0.7,.14,0.0,-0.5,-6,.332,.496,,Amateur Draft
242,Blake Stein\steinbl01,27,KCR,131.0,36,15,73,5.02,5.11,0.27,-0.04,107.3,5.15,1,0.1,.83,-0.2,1.3,17,.503,.501,$275000,Traded
243,Tanyon Sturtze\sturtta01,30,TBD,195.1,39,27,98,4.52,5.02,-0.18,0.13,97.6,5.20,14,1.4,1.24,-0.1,3.3,37,.536,.509,$237500,Traded
244,Jeff Suppan\suppaje01,26,KCR,218.1,34,34,120,4.95,4.97,0.32,0.18,105.9,5.12,3,0.3,,-0.1,2.4,29,.509,.502,$2350000,Purchased
245,Mac Suzuki\suzukma01,26,KCR,56.0,15,9,38,6.11,4.88,0.32,0.04,106.9,4.92,-8,-0.7,.63,0.0,-0.2,-1,.452,.496,$320000,Free Agency
246,Jeff Tam\tamje01,30,OAK,74.2,70,0,27,3.25,5.06,0.12,-0.38,96.8,4.41,9,0.9,1.62,0.1,1.8,18,.513,.506,$350000,Free Agency
247,Brad Thomas*\thomabr01,23,MIN,16.1,5,5,17,9.37,4.97,0.21,0.13,99.9,4.88,-8,-0.7,,0.0,-0.6,-6,.359,.496,,Free Agency
248,Kevin Tolar*\tolarke01,30,DET,10.2,9,0,8,6.75,5.02,-0.16,-0.38,94.9,4.55,-3,-0.3,.34,0.1,-0.1,-1,.472,.498,,Free Agency
249,Brett Tomko\tomkobr01,28,SEA,34.2,11,4,24,6.23,5.09,0.76,-0.08,92.4,3.92,-9,-0.8,.97,0.0,-0.5,-5,.424,.495,$1100000,Traded
250,Josh Towers\towerjo01,24,BAL,140.1,24,20,74,4.75,4.92,-0.09,0.15,95.9,4.94,2,0.2,1.51,-0.1,1.6,19,.510,.501,,Amateur Draft
251,Mike Trombley\trombmi01,34,BAL,54.2,50,0,23,3.79,4.89,-0.07,-0.37,94.7,4.34,3,0.3,1.45,0.0,0.9,10,.506,.502,$2333333,Free Agency
252,Ugueth Urbina\urbinug01,27,BOS,20.0,19,0,5,2.25,5.08,-0.22,-0.38,98.8,4.86,6,0.6,1.24,0.0,0.8,8,.530,.504,,Traded
253,Ismael Valdez\valdeis01,27,ANA,163.2,27,27,82,4.51,5.07,0.25,0.19,97.6,4.89,6,0.6,,-0.1,2.2,25,.522,.504,$2500000,Free Agency
254,Mike Venafro*\venafmi01,27,TEX,60.0,70,0,35,5.25,5.21,-0.29,-0.39,102.7,5.25,0,0.0,1.29,-0.1,0.5,7,.500,.500,$310000,Amateur Draft
255,Brandon Villafuerte\villabr01,25,TEX,5.2,6,0,9,14.29,4.76,-0.41,-0.36,104.3,5.02,-6,-0.5,.15,0.2,-0.3,-5,.411,.497,,Traded
256,Ken Vining*\vininke01,26,CHW,6.2,8,0,14,18.90,4.73,0.06,-0.36,105.3,4.55,-11,-0.9,.29,0.3,-0.6,-10,.382,.494,,Traded
257,Luis Vizcaino\vizcalu01,26,OAK,36.2,36,0,19,4.66,4.93,0.12,-0.37,98.9,4.39,-1,-0.1,.75,-0.1,0.2,3,.496,.499,,Amateur Free Agent
258,Brad Voyles\voylebr01,24,KCR,9.1,7,0,4,3.86,5.18,0.26,-0.39,109.2,4.95,1,0.1,.49,0.0,0.2,2,.515,.501,,Traded
259,Tim Wakefield\wakefti01,34,BOS,168.2,45,17,84,4.48,4.88,-0.30,0.00,99.3,5.15,12,1.2,1.00,-0.2,2.8,31,.526,.507,$3000000,Free Agency
260,Jeff Wallace*\wallaje01,25,TBD,50.1,29,1,26,4.65,4.93,-0.16,-0.19,97.8,4.80,1,0.1,.41,-0.1,0.5,6,.502,.500,,Free Agency
261,John Wasdin\wasdijo01,28,BAL,49.2,26,0,25,4.53,4.98,-0.08,-0.38,96.2,4.51,0,0.0,1.02,-0.1,0.4,5,.499,.500,,Free Agency
262,Jarrod Washburn*\washbja01,26,ANA,193.1,30,30,89,4.14,5.17,0.24,0.19,98.9,5.06,19,1.9,,-0.1,3.8,41,.564,.512,$270000,Amateur Draft
263,Jeff Weaver\weaveje01,24,DET,229.1,33,33,116,4.55,4.89,-0.21,0.18,95.5,5.05,11,1.2,,-0.1,3.4,39,.535,.507,$425000,Amateur Draft
264,Ben Weber\weberbe01,31,ANA,68.1,56,0,28,3.69,5.08,0.24,-0.38,98.8,4.40,5,0.5,.94,-0.2,1.1,13,.509,.503,$203500,Waivers
265,Bob Wells\wellsbo01,34,MIN,68.2,65,0,39,5.11,5.01,0.19,-0.38,100.3,4.46,-5,-0.5,1.38,-0.2,0.0,3,.492,.497,$1100000,Free Agency
266,David Wells*\wellsda01,38,CHW,100.2,16,16,55,4.92,5.09,0.04,0.18,100.6,5.25,3,0.3,,-0.1,1.3,15,.520,.502,$9250000,Traded
267,Kip Wells\wellski01,24,CHW,133.1,40,20,80,5.40,4.88,0.04,0.07,102.2,5.01,-7,-0.6,1.20,-0.1,0.7,9,.484,.496,,Amateur Draft
268,Jake Westbrook\westbja01,23,CLE,64.2,23,6,43,5.98,4.90,-0.33,-0.09,101.4,5.21,-6,-0.6,1.00,-0.1,0.0,2,.475,.497,,Traded
269,Dan Wheeler\wheelda01,23,TBD,17.2,13,0,17,8.66,5.19,-0.22,-0.26,98.0,5.05,-7,-0.7,.33,0.1,-0.3,-5,.448,.496,,Amateur Draft
270,Bob Wickman\wickmbo01,32,CLE,67.2,70,0,18,2.39,4.90,-0.27,-0.37,100.2,4.81,18,1.8,1.57,0.4,2.9,26,.525,.511,$2600000,Traded
271,Todd Williams\willito02,30,NYY,15.1,15,0,9,5.28,5.12,-0.44,-0.39,99.7,5.16,0,0.0,.56,0.0,0.1,2,.498,.500,$320000,Free Agency
272,Kris Wilson\wilsokr01,24,KCR,109.1,29,15,78,6.42,5.14,0.33,0.06,104.8,5.10,-17,-1.6,.44,0.0,-0.4,-4,.446,.490,$205000,Amateur Draft
273,Paul Wilson\wilsopa02,28,TBD,151.1,37,24,94,5.59,4.87,-0.18,0.10,98.3,5.06,-10,-0.9,.52,-0.1,0.6,8,.475,.494,$350000,Traded
274,Matt Wise\wisema01,25,ANA,49.1,11,9,27,4.93,5.47,0.21,0.15,100.5,5.43,3,0.3,.16,0.0,0.7,8,.523,.502,$207500,Amateur Draft
275,Jay Witasick\witasja01,28,NYY,40.1,32,0,27,6.02,4.99,-0.33,-0.33,98.9,4.94,-5,-0.5,1.03,-0.1,-0.1,0,.485,.497,,Traded
276,Mark Wohlers\wohlema01,31,NYY,35.2,31,0,20,5.05,4.82,-0.35,-0.36,99.7,4.79,-1,-0.1,.55,0.0,0.2,3,.496,.499,,Traded
277,Steve Woodard\woodast01,26,CLE,97.0,29,10,60,5.57,5.07,-0.36,-0.04,100.4,5.41,-2,-0.2,.63,-0.1,0.7,9,.493,.499,$1325000,Traded
278,Dan Wright\wrighda02,23,CHW,66.1,13,12,45,6.11,5.08,0.04,0.16,102.3,5.32,-6,-0.6,.03,0.0,0.1,2,.455,.496,,Amateur Draft
279,Jaret Wright\wrighja02,25,CLE,29.0,7,7,22,6.83,4.61,-0.34,0.15,99.9,5.09,-6,-0.5,,0.0,-0.3,-2,.424,.497,$2562500,Amateur Draft
280,Kelly Wunsch*\wunscke01,28,CHW,22.1,33,0,19,7.66,5.37,0.04,-0.40,102.7,5.05,-7,-0.6,1.33,-0.1,-0.6,-4,.481,.496,$260000,Free Agency
281,Esteban Yan\yanes01,26,TBD,62.1,54,0,34,4.91,4.92,-0.16,-0.37,98.6,4.65,-2,-0.2,1.41,-0.2,0.3,5,.496,.499,$650000,Expansion Draft
282,Victor Zambrano\zambrvi01,25,TBD,51.1,36,0,21,3.68,4.92,-0.14,-0.37,98.2,4.61,5,0.5,1.21,-0.1,1.0,11,.514,.503,,Free Agency
283,Jeff Zimmerman\zimmeje02,28,TEX,71.1,66,0,19,2.40,5.06,-0.22,-0.38,103.5,5.07,21,2.1,1.60,0.5,3.3,29,.532,.513,$307500,Purchased
284,Barry Zito*\zitoba01,23,OAK,214.1,35,35,92,3.86,5.00,0.11,0.18,96.7,4.91,24,2.4,,-0.1,4.5,49,.569,.515,$240000,Amateur Draft