Rk,Name,Age,Tm,G,PA,Rbat,Rbaser,Rdp,Rfield,Rpos,RAA,WAA,Rrep,RAR,WAR,waaWL%,162WL%,oWAR,dWAR,oRAR,Salary,Acquired,Pos Summary
1,Fernando Abad*\abadfe01,24,HOU,22,1,0,0,0,0,0,0,0.0,0,0,0.0,.499,.500,0.0,0.0,0,,Amateur Free Agent,1
2,Tony Abreu#\abreuto01,25,ARI,81,201,-15,0,-1,-2,1,-17,-1.9,6,-11,-1.3,.477,.489,-1.1,-0.1,-9,$407000,Traded,564/D
3,Manny Acosta\acostma01,29,NYM,41,0,0,0,0,0,0,0,0.0,0,0,0.0,.500,.500,0.0,0.0,0,,Waivers,1
4,Mike Adams\adamsmi03,31,SDP,67,0,0,0,0,0,0,0,0.0,0,0,0.0,.500,.500,0.0,0.0,0,$1000000,Traded,1
5,Jeremy Affeldt*\affelje01,31,SFG,51,1,0,0,0,0,0,0,0.0,0,0,0.0,.500,.500,0.0,0.0,0,$4000000,Free Agency,1
6,Brandon Allen*\allenbr01,24,ARI,22,56,0,0,0,1,-1,1,0.1,2,3,0.3,.504,.501,0.2,0.0,2,,Traded,7/3
7,Yonder Alonso*\alonsyo01,23,CIN,22,29,-3,0,0,2,0,-1,-0.1,1,0,0.0,.495,.499,-0.2,0.2,-2,$500000,Amateur Draft,/3
8,Pedro Alvarez*\alvarpe01,23,PIT,95,386,4,0,-1,-10,2,-5,-0.6,12,7,0.6,.494,.497,1.6,-0.9,17,$500000,Amateur Draft,5
9,Bryan Anderson*\anderbr05,23,STL,15,35,-1,0,0,-1,0,-2,-0.2,1,-1,-0.1,.487,.499,0.0,-0.1,0,,Amateur Draft,/2
10,Garret Anderson*\anderga01,38,LAD,80,163,-14,1,-1,1,-1,-14,-1.6,5,-9,-1.1,.481,.491,-1.2,-0.1,-10,$550000,Free Agency,7/9
11,Rick Ankiel*\ankieri01,30,ATL,47,139,-4,-1,0,2,1,-2,-0.2,4,2,0.2,.496,.499,0.0,0.3,0,,Traded,8
12,Joaquin Arias\ariasjo01,25,NYM,22,33,-2,0,1,-1,0,-2,-0.3,1,-1,-0.2,.489,.499,0.0,-0.1,0,,Traded,4/67
13,Bronson Arroyo\arroybr01,33,CIN,32,77,-11,0,1,0,10,0,0.0,0,0,0.0,.500,.500,0.0,0.0,0,$11625000,Traded,1
14,Luis Atilano\atilalu01,25,WSN,13,27,-6,0,0,0,4,-3,-0.3,0,-3,-0.3,.477,.498,-0.3,0.0,-3,,Traded,1
15,Mitch Atkins\atkinmi01,24,CHC,5,2,-1,0,0,0,0,0,0.0,0,0,0.0,.494,.500,0.0,0.0,0,,Amateur Draft,/1
16,Brad Ausmus\ausmubr01,41,LAD,21,71,-2,-1,0,-1,1,-3,-0.3,2,-1,-0.1,.485,.498,0.0,0.0,0,$850000,Free Agency,2
17,John Axford\axforjo01,27,MIL,47,0,0,0,0,0,0,0,0.0,0,0,0.0,.500,.500,0.0,0.0,0,,Free Agency,1
18,Burke Badenhop\badenbu01,27,FLA,53,1,0,0,0,0,0,0,0.0,0,0,0.0,.500,.500,0.0,0.0,0,$407500,Traded,1
19,Danys Baez\baezda01,32,PHI,48,0,0,0,0,0,0,0,0.0,0,0,0.0,.500,.500,0.0,0.0,0,$2500000,Free Agency,1
20,Homer Bailey\baileho02,24,CIN,18,39,-3,0,0,0,5,2,0.2,0,2,0.2,.514,.502,0.2,0.0,2,$418000,Amateur Draft,1
21,Jeff Baker\bakerje03,29,CHC,79,224,-1,-1,0,0,1,-1,-0.1,7,6,0.5,.499,.500,0.6,0.1,6,$975000,Traded,54/39
22,John Baker*\bakerjo01,29,FLA,23,88,-4,0,0,-1,1,-5,-0.5,3,-2,-0.3,.479,.497,-0.1,0.0,-1,$415000,Traded,2
23,Collin Balester\balesco01,24,WSN,17,0,0,0,0,0,0,0,0.0,0,0,0.0,.500,.500,0.0,0.0,0,,Amateur Draft,1
24,Josh Banks\banksjo01,27,HOU,0,0,0,0,0,0,0,0,,0,0,,,,,,0,,Free Agency,/1
25,Rod Barajas\barajro01,34,2TM,99,339,-1,-2,-1,-3,6,-1,-0.2,11,10,0.8,.499,.498,1.2,0.3,12,$500000,Purchased,2
26,Brian Barden\bardebr01,29,FLA,35,32,-3,-1,0,0,1,-3,-0.3,1,-2,-0.2,.491,.498,-0.2,0.1,-2,$415000,Free Agency,5/64
27,Clint Barmes\barmecl01,31,COL,133,432,-21,1,1,13,5,-1,-0.2,13,12,1.1,.499,.499,-0.3,1.8,-1,$3325000,Amateur Draft,46/5
28,Darwin Barney\barneda01,24,CHC,30,85,-4,1,0,5,1,3,0.3,3,5,0.5,.510,.502,0.0,0.6,0,,Amateur Draft,64/5
29,Brian Bass\bassbr01,28,PIT,4,1,0,0,0,0,0,0,0.0,0,0,0.0,.496,.500,0.0,0.0,0,,Free Agency,/1
30,Antonio Bastardo\bastaan01,24,PHI,23,0,0,0,0,0,0,0,0.0,0,0,0.0,.500,.500,0.0,0.0,0,$405000,Amateur Free Agent,1
31,Miguel Batista\batismi01,39,WSN,54,9,-2,0,0,0,1,0,0.0,0,0,0.0,.499,.500,0.0,0.0,0,$1000000,Free Agency,1
32,Denny Bautista\bautide01,29,SFG,29,1,0,0,0,0,0,1,0.1,0,1,0.1,.502,.500,0.1,0.0,1,,Free Agency,1
33,Mike Baxter*\baxtemi01,25,SDP,9,9,-2,0,0,0,0,-2,-0.2,0,-2,-0.2,.479,.499,-0.2,0.0,-2,,Amateur Draft,/3
34,Jason Bay\bayja01,31,NYM,95,401,4,2,0,3,-4,6,0.6,13,19,1.8,.507,.504,1.5,-0.1,16,$8625000,Free Agency,7
35,Brandon Beachy\beachbr01,23,ATL,3,6,0,0,0,0,1,0,0.0,0,0,0.0,.512,.500,0.0,0.0,0,,Amateur Free Agent,/1
36,Joe Beimel*\beimejo01,33,COL,69,1,0,0,0,0,0,0,0.0,0,0,0.0,.500,.500,0.0,0.0,0,$850000,Free Agency,1
37,Ronald Belisario\belisro01,27,LAD,56,0,0,0,0,0,0,0,0.0,0,0,0.0,.500,.500,0.0,0.0,0,$412500,Free Agency,1
38,Matt Belisle\belisma01,30,COL,73,7,0,0,0,0,1,1,0.1,0,1,0.1,.502,.501,0.1,0.0,1,$850000,Free Agency,1
39,Heath Bell\bellhe01,32,SDP,64,1,0,0,0,0,0,0,0.0,0,0,0.0,.500,.500,0.0,0.0,0,$4000000,Traded,1
40,Ronnie Belliard\belliro01,35,LAD,82,185,-6,-1,0,-2,0,-8,-0.9,6,-3,-0.4,.489,.495,-0.1,-0.2,-1,$825000,Free Agency,453
41,Carlos Beltran#\beltrca01,33,NYM,64,255,3,0,0,-5,1,-1,-0.1,8,8,0.7,.499,.500,1.2,-0.4,12,$19401569,Free Agency,8
42,Kris Benson\bensokr01,35,ARI,3,6,-1,0,0,0,1,0,0.0,0,0,0.0,.498,.500,0.0,0.0,0,$650000,Free Agency,/1
43,Justin Berg\bergju01,26,CHC,41,0,0,0,0,0,0,0,0.0,0,0,0.0,.500,.500,0.0,0.0,0,$403000,Traded,1
44,Jason Bergmann\bergmja01,28,WSN,4,0,0,0,0,0,0,0,0.0,0,0,0.0,.500,.500,0.0,0.0,0,$750000,Amateur Draft,/1
45,Lance Berkman#\berkmla01,34,HOU,85,358,11,-2,0,3,-5,7,0.6,11,18,1.7,.508,.504,1.4,-0.2,15,$14500000,Amateur Draft,3
46,Roger Bernadina*\bernaro01,26,WSN,134,461,-9,1,3,4,-4,-6,-0.8,14,8,0.6,.495,.496,0.2,-0.1,4,,Amateur Free Agent,*978
47,Rafael Betancourt\betanra01,35,COL,68,0,0,0,0,0,0,0,0.0,0,0,0.0,.500,.500,0.0,0.0,0,$3775000,Traded,1
48,Chad Billingsley\billich01,25,LAD,31,72,-8,0,0,0,10,2,0.2,0,2,0.2,.505,.501,0.2,0.0,2,$3850000,Amateur Draft,1
49,Joe Bisenius\bisenjo01,27,WSN,5,0,0,0,0,0,0,0,0.0,0,0,0.0,.500,.500,0.0,0.0,0,,Free Agency,/1
50,Casey Blake\blakeca01,36,LAD,146,571,2,-1,-1,7,3,10,0.9,18,28,2.7,.507,.506,2.0,1.0,21,$6250000,Traded,*5/3
51,Gregor Blanco*\blancgr01,26,ATL,36,66,1,0,0,1,0,1,0.1,2,4,0.3,.504,.501,0.2,0.1,2,,Amateur Free Agent,8/7
52,Henry Blanco\blanche01,38,NYM,50,144,-8,0,0,2,3,-4,-0.5,4,1,0.0,.492,.497,-0.2,0.5,-1,$750000,Free Agency,2
53,Kyle Blanks\blankky01,23,SDP,33,120,-3,1,0,2,-1,-2,-0.2,4,2,0.2,.495,.499,0.0,0.1,0,$410600,Amateur Draft,7/3
54,Joe Blanton\blantjo01,29,PHI,28,67,-10,-1,0,0,9,-2,-0.2,0,-2,-0.2,.493,.499,-0.2,0.0,-2,$3000000,Traded,1
55,Willie Bloomquist\bloomwi01,32,CIN,11,18,-1,0,0,0,0,-1,-0.1,1,0,-0.1,.491,.499,-0.1,0.0,0,,Purchased,/974
56,Geoff Blum#\blumge01,37,HOU,93,218,-4,1,0,-2,1,-4,-0.5,7,2,0.2,.495,.497,0.4,-0.2,4,$1500000,Free Agency,635/4
57,Brian Bocock\bococbr01,25,PHI,6,5,-1,0,0,0,0,-1,-0.1,0,-1,-0.1,.477,.499,-0.1,0.0,-1,,Waivers,/6
58,Mitchell Boggs\boggsmi01,26,STL,58,3,-1,0,0,0,0,0,0.0,0,0,0.0,.500,.500,0.0,0.0,0,$402000,Amateur Draft,1
59,Brian Bogusevic*\bogusbr01,26,HOU,19,32,-2,-1,0,2,0,-2,-0.2,1,-1,-0.1,.492,.499,-0.3,0.2,-3,,Amateur Draft,/789
60,Emilio Bonifacio#\bonifem01,25,FLA,73,201,-8,5,0,6,1,5,0.5,6,11,1.1,.507,.503,0.4,0.7,5,$420000,Traded,8/67594
61,J.C. Boscan\boscajc01,30,ATL,1,1,0,0,0,0,0,0,0.0,0,1,0.0,.544,.500,0.0,0.0,0,,Free Agency,/2
62,Jason Bourgeois\bourgja01,28,HOU,69,136,-6,2,-1,-1,-1,-6,-0.7,4,-2,-0.3,.491,.496,-0.2,-0.2,-1,,Waivers,78/49
63,Michael Bourn*\bournmi01,27,HOU,141,605,-8,9,1,30,3,35,3.7,19,54,5.5,.527,.524,2.3,3.5,24,$2400000,Traded,*8
64,John Bowker*\bowkejo01,26,2TM,67,167,-3,-1,0,4,-2,-3,-0.3,5,3,0.2,.496,.499,-0.2,0.2,-1,$410000,Traded,9/37
65,Blaine Boyer\boyerbl01,28,ARI,51,2,-1,0,0,0,0,0,0.0,0,0,0.0,.499,.500,0.0,0.0,0,$725000,Waivers,1
66,Zach Braddock*\braddza01,22,MIL,44,0,0,0,0,0,0,0,0.0,0,0,0.0,.500,.500,0.0,0.0,0,,Amateur Draft,1
67,Ryan Braun\braunry02,26,MIL,157,685,30,4,0,9,-6,37,3.7,21,57,5.7,.524,.524,4.8,0.3,48,$1287500,Amateur Draft,*7/D
68,Bill Bray*\braybi01,27,CIN,35,0,0,0,0,0,0,0,0.0,0,0,0.0,.500,.500,0.0,0.0,0,,Traded,1
69,Domonic Brown*\browndo01,22,PHI,35,70,-4,0,1,-2,0,-6,-0.6,2,-4,-0.4,.482,.496,-0.2,-0.3,-2,,Amateur Draft,9
70,Jonathan Broxton\broxtjo01,26,LAD,61,0,0,0,0,0,0,0,0.0,0,0,0.0,.500,.500,0.0,0.0,0,$4000000,Amateur Draft,1
71,Jay Bruce*\bruceja01,23,CIN,148,573,16,1,0,17,-5,29,2.9,18,47,4.7,.521,.519,2.9,1.2,30,$440000,Amateur Draft,*9
72,Brian Bruney\brunebr01,28,WSN,19,0,0,0,0,0,0,0,0.0,0,0,0.0,.500,.500,0.0,0.0,0,$1500000,Traded,1
73,Taylor Buchholz\buchhta01,28,COL,7,1,0,0,0,0,0,1,0.1,0,1,0.1,.509,.500,0.1,0.0,1,$1055000,Traded,/1
74,Billy Buckner\bucknbi02,26,ARI,3,5,0,0,0,0,1,1,0.1,0,1,0.1,.521,.500,0.1,0.0,1,,Traded,/1
75,Jay Buente\buentja01,26,FLA,8,0,0,0,0,0,0,0,0.0,0,0,0.0,.500,.500,0.0,0.0,0,,Amateur Draft,/1
76,Madison Bumgarner\bumgama01,20,SFG,20,44,-4,0,0,0,5,1,0.1,0,1,0.1,.506,.501,0.1,0.0,1,,Amateur Draft,1
77,Jamie Burke\burkeja02,38,WSN,1,0,0,0,0,0,0,0,0.0,0,0,0.0,.501,.500,0.0,0.0,0,,Purchased,/2
78,Sean Burnett*\burnese01,27,WSN,69,0,0,0,0,0,0,0,0.0,0,0,0.0,.500,.500,0.0,0.0,0,$775000,Traded,1
79,Pat Burrell\burrepa01,33,SFG,96,341,15,0,-1,0,-3,11,1.1,11,22,2.1,.512,.507,2.1,-0.4,22,,Free Agency,7/D
80,Brian Burres*\burrebr01,29,PIT,20,27,-4,0,0,0,4,-1,-0.1,0,-1,-0.1,.497,.500,-0.1,0.0,-1,,Free Agency,1
81,Emmanuel Burriss#\burriem01,25,SFG,7,5,0,0,0,0,0,0,0.0,0,1,0.1,.506,.500,0.1,0.0,1,$410000,Amateur Draft,/4
82,Jared Burton\burtoja01,29,CIN,4,0,0,0,0,0,0,0,0.0,0,0,0.0,.500,.500,0.0,0.0,0,$810000,Rule 5 Draft,/1
83,Dave Bush\bushda01,30,MIL,38,62,-7,-1,0,0,7,0,0.0,0,0,0.0,.499,.500,0.0,0.0,0,$4215000,Traded,1
84,Marlon Byrd\byrdma01,32,CHC,152,630,9,0,2,4,3,19,1.8,20,38,3.7,.513,.512,3.3,0.7,34,$3000000,Free Agency,*8/D
85,Tim Byrdak*\byrdati01,36,HOU,59,2,-1,0,0,0,0,0,0.0,0,0,0.0,.500,.500,0.0,0.0,0,$1600000,Free Agency,1
86,Everth Cabrera#\cabreev01,23,SDP,76,241,-12,0,0,4,3,-6,-0.7,8,2,0.1,.492,.496,-0.4,0.7,-2,$418800,Rule 5 Draft,6/4
87,Melky Cabrera#\cabreme01,25,ATL,147,509,-11,1,1,-3,-3,-16,-1.8,16,-1,-0.3,.488,.489,0.0,-0.7,2,$3100000,Traded,*789
88,Orlando Cabrera\cabreor01,35,CIN,123,537,-13,0,-1,0,6,-8,-0.9,16,9,0.7,.493,.495,0.7,0.6,9,$2020000,Free Agency,*6
89,Lorenzo Cain\cainlo01,24,MIL,43,158,2,1,1,10,1,15,1.6,5,20,2.0,.537,.510,1.0,1.1,10,,Amateur Draft,8/79
90,Matt Cain\cainma01,25,SFG,33,77,-13,0,1,0,10,-3,-0.3,0,-2,-0.3,.492,.498,-0.3,0.0,-2,$4583333,Amateur Draft,1
91,Miguel Cairo\cairomi01,36,CIN,91,226,3,1,0,-3,0,0,0.0,7,7,0.7,.500,.500,1.0,-0.4,10,$500000,Free Agency,53/4D96
92,Jorge Cantu\cantujo01,28,FLA,97,410,-5,0,-1,-13,-2,-20,-2.2,13,-8,-1.0,.478,.487,0.4,-1.6,5,$6000000,Free Agency,53/D
93,Matt Capps\cappsma01,26,WSN,45,1,0,0,0,0,0,0,0.0,0,0,0.0,.500,.500,0.0,0.0,0,$3500000,Free Agency,1
94,Chris Capuano*\capuach01,31,MIL,24,18,-4,0,0,0,2,-2,-0.2,0,-2,-0.2,.490,.499,-0.2,0.0,-2,,Free Agency,1
95,Esmailin Caridad\carides01,26,CHC,8,0,0,0,0,0,0,0,0.0,0,0,0.0,.500,.500,0.0,0.0,0,$403000,Free Agency,/1
96,Chris Carpenter\carpech01,35,STL,34,84,-13,-1,0,0,11,-2,-0.3,0,-2,-0.3,.493,.498,-0.3,0.0,-2,$15840971,Free Agency,1
97,Drew Carpenter\carpean01,25,PHI,1,1,0,0,0,0,0,0,0.0,0,0,0.0,.505,.500,0.0,0.0,0,$401000,Amateur Draft,/1
98,D.J. Carrasco\carradj01,33,2TM,59,6,-2,0,0,0,1,-1,-0.1,0,-1,-0.1,.499,.500,-0.1,0.0,-1,$950000,Traded,1
99,Brett Carroll\carrobr01,27,FLA,32,90,-3,0,0,2,-1,-2,-0.2,3,1,0.0,.493,.499,-0.2,0.1,-1,$403500,Amateur Draft,9/7
100,Jamey Carroll\carroja01,36,LAD,133,414,4,2,0,1,5,13,1.3,13,26,2.5,.510,.508,2.4,0.6,25,$1535677,Free Agency,645/7
101,Chris Carter*\cartech01,27,NYM,100,180,-1,-2,1,-3,-2,-7,-0.8,6,-1,-0.2,.493,.496,0.1,-0.6,2,,Traded,79/D
102,Kevin Cash\cashke01,32,HOU,20,61,-3,0,0,-2,1,-4,-0.4,2,-2,-0.2,.480,.498,0.0,-0.1,0,,Free Agency,2/1
103,Andrew Cashner\cashnan01,23,CHC,51,3,-1,0,0,0,0,0,-0.1,0,0,-0.1,.499,.500,-0.1,0.0,0,,Amateur Draft,1
104,Santiago Casilla\garcija01,29,SFG,49,0,0,0,0,0,0,0,0.0,0,0,0.0,.500,.500,0.0,0.0,0,,Free Agency,1
105,Luis Castillo#\castilu01,34,NYM,86,299,-9,1,0,1,2,-5,-0.6,9,5,0.3,.494,.497,0.3,0.3,4,$6250000,Traded,4
106,Welington Castillo\castiwe01,23,CHC,7,21,1,0,0,0,0,2,0.2,1,2,0.2,.526,.501,0.2,0.0,2,,Amateur Free Agent,/2
107,Jason Castro*\castrja01,23,HOU,67,217,-11,-1,0,0,4,-8,-0.9,7,-1,-0.3,.487,.495,-0.3,0.4,-1,,Amateur Draft,2
108,Juan Castro\castrju01,38,2TM,55,140,-14,-1,0,-9,2,-22,-2.3,4,-17,-1.9,.459,.487,-1.0,-0.7,-8,$700000,Free Agency,/6
109,Starlin Castro\castrst01,20,CHC,125,506,-1,0,0,-4,6,2,0.1,16,17,1.6,.501,.501,2.0,0.2,21,,Amateur Free Agent,*6
110,Frank Catalanotto*\catalfr01,36,NYM,25,26,-3,-1,0,0,0,-4,-0.4,1,-3,-0.4,.483,.497,-0.3,0.0,-3,$650000,Free Agency,/37
111,Jose Ceda\cedajo01,23,FLA,8,2,-1,0,0,0,0,0,0.0,0,0,0.0,.496,.500,0.0,0.0,0,,Traded,/1
112,Ronny Cedeno\cedenro02,27,PIT,139,502,-10,2,1,-9,7,-9,-1.0,16,7,0.5,.493,.494,1.5,-0.3,16,$1125000,Traded,*6
113,Gustavo Chacin*\chacigu01,29,HOU,40,1,1,0,0,0,0,2,0.2,0,2,0.2,.504,.501,0.2,0.0,2,,Free Agency,1
114,Jhoulys Chacin\chacijh01,22,COL,26,45,-10,0,0,0,6,-4,-0.4,0,-4,-0.4,.485,.498,-0.4,0.0,-4,,Amateur Free Agent,1
115,Aroldis Chapman*\chapmar01,22,CIN,15,0,0,0,0,0,0,0,0.0,0,0,0.0,.500,.500,0.0,0.0,0,$1000000,Amateur Free Agent,1
116,Jesse Chavez\chaveje01,26,ATL,27,1,0,0,0,0,0,0,0.0,0,0,0.0,.500,.500,0.0,0.0,0,$415000,Traded,1
117,Matt Chico*\chicoma01,27,WSN,1,2,-1,0,0,0,0,-1,-0.1,0,-1,-0.1,.447,.500,-0.1,0.0,-1,,Traded,/1
118,Ryan Church*\churcry01,31,2TM,106,238,-11,0,1,4,-2,-8,-0.9,7,-1,-0.2,.492,.496,-0.6,0.1,-5,$1500000,Traded,/78
119,Pedro Ciriaco\ciriape01,24,PIT,8,6,1,0,0,0,0,1,0.1,0,2,0.2,.518,.501,0.2,0.0,2,,Traded,/6
120,Steve Cishek\cishest01,24,FLA,3,0,0,0,0,0,0,0,0.0,0,0,0.0,.500,.500,0.0,0.0,0,,Amateur Draft,/1
121,Jeff Clement*\clemeje01,26,PIT,54,154,-9,-1,0,0,-2,-11,-1.2,5,-6,-0.7,.479,.493,-0.7,-0.2,-6,$405000,Traded,3
122,Brent Clevlen\clevlbr01,26,ATL,4,4,0,0,0,0,0,0,0.0,0,0,0.0,.502,.500,0.0,0.0,0,,Free Agency,/7
123,Tyler Clippard\clippty01,25,WSN,74,3,0,0,0,0,0,1,0.1,0,1,0.1,.501,.500,0.1,0.0,1,$401000,Traded,1
124,Todd Coffey\coffeto01,29,MIL,67,1,0,0,0,0,0,0,0.0,0,0,0.0,.500,.500,0.0,0.0,0,$2025002,Waivers,1
125,Chris Coghlan*\coghlch01,25,FLA,91,400,-1,2,1,2,-3,0,-0.1,12,12,1.1,.500,.500,0.9,-0.2,10,$475000,Amateur Draft,7
126,Casey Coleman*\colemca01,22,CHC,12,23,-4,0,0,0,3,-1,-0.1,0,-1,-0.1,.496,.500,-0.1,0.0,-1,,Amateur Draft,1
127,Tyler Colvin*\colvity01,24,CHC,135,395,5,2,0,-5,-4,-2,-0.3,12,10,0.9,.498,.499,1.4,-1.1,15,$401000,Amateur Draft,*978
128,Brooks Conrad#\conrabr01,30,ATL,103,177,3,2,0,-7,1,-1,-0.2,6,4,0.4,.499,.499,1.1,-0.7,11,$400000,Free Agency,5/4
129,Jose Contreras\contrjo01,38,PHI,63,0,0,0,0,0,0,0,0.0,0,0,0.0,.500,.500,0.0,0.0,0,$1500000,Free Agency,1
130,Aaron Cook\cookaa01,31,COL,25,45,-7,0,0,0,5,-2,-0.2,0,-2,-0.2,.492,.499,-0.2,0.0,-2,$9625000,Amateur Draft,1
131,Alex Cora*\coraal01,34,NYM,62,187,-10,0,0,-2,1,-10,-1.2,6,-5,-0.6,.482,.493,-0.4,-0.1,-3,$1850000,Free Agency,4/63
132,Francisco Cordero\cordefr01,35,CIN,70,1,0,0,0,0,0,0,0.0,0,0,0.0,.500,.500,0.0,0.0,0,$12125000,Free Agency,1
133,Manny Corpas\corpama01,27,COL,51,7,-1,0,0,0,1,0,0.0,0,0,0.0,.500,.500,0.0,0.0,0,$2750000,Amateur Free Agent,1
134,Kevin Correia\correke01,29,SDP,27,52,-7,0,0,0,7,0,0.0,0,0,0.0,.499,.500,0.0,0.0,0,$3600000,Free Agency,1
135,Craig Counsell*\counscr01,39,MIL,102,230,-6,-1,1,7,3,3,0.3,7,10,1.0,.503,.502,0.3,1.0,3,$2100000,Free Agency,65/4
136,Scott Cousins*\cousisc01,25,FLA,27,38,0,0,0,3,0,3,0.3,1,4,0.4,.511,.502,0.1,0.3,1,,Amateur Draft,/89
137,Allen Craig\craigal01,25,STL,44,124,-1,-1,1,1,-1,-2,-0.3,4,2,0.1,.494,.498,0.0,-0.1,1,$400000,Amateur Draft,9/3754
138,Bobby Crosby\crosbbo01,30,2TM,70,189,-9,-2,0,-8,1,-18,-1.9,6,-12,-1.4,.473,.491,-0.5,-0.7,-4,$1000000,Traded,/54
139,Luis Cruz\cruzlu01,26,MIL,7,17,-1,0,0,0,0,-1,-0.2,1,-1,-0.1,.479,.499,-0.1,0.0,-1,,Waivers,/6
140,Johnny Cueto\cuetojo01,24,CIN,28,63,-11,0,0,0,9,-3,-0.3,0,-3,-0.3,.489,.498,-0.3,0.0,-3,$445000,Amateur Free Agent,1
141,Aaron Cunningham\cunniaa01,24,SDP,53,147,0,-1,0,0,-2,-3,-0.3,5,2,0.1,.494,.498,0.1,-0.2,2,,Traded,79/8
142,Casey Daigle\daiglca01,29,HOU,11,0,0,0,0,0,0,0,0.0,0,0,0.0,.500,.500,0.0,0.0,0,,Free Agency,1
143,Matt Daley\daleyma01,28,COL,28,0,0,0,0,0,0,0,0.0,0,0,0.0,.500,.500,0.0,0.0,0,$404000,Amateur Free Agent,1
144,Brad Davis\davisbr03,27,FLA,33,123,-5,1,0,2,2,0,0.0,4,4,0.4,.501,.500,0.2,0.4,2,,Amateur Draft,2
145,Doug Davis\davisdo02,34,MIL,8,15,-4,0,0,0,2,-2,-0.2,0,-2,-0.2,.470,.499,-0.2,0.0,-2,$4250000,Free Agency,/1
146,Ike Davis*\davisik02,23,NYM,147,601,12,0,-1,12,-8,15,1.5,19,34,3.3,.511,.510,2.1,0.4,22,,Amateur Draft,*3
147,Jorge De La Rosa*\rosajo01,29,COL,20,44,-6,-1,0,0,6,-2,-0.2,0,-2,-0.2,.492,.499,-0.2,0.0,-2,$5600000,Free Agency,1
148,Sam Deduno\dedunsa01,26,COL,4,0,0,0,0,0,0,0,0.0,0,0,0.0,.500,.500,0.0,0.0,0,,Amateur Free Agent,/1
149,Enerio Del Rosario\delroen01,24,2TM,11,0,0,0,0,0,0,0,0.0,0,0,0.0,.500,.500,0.0,0.0,0,,Amateur Free Agent,/1
150,Manny Delcarmen\delcama01,28,COL,9,1,0,0,0,0,0,0,0.0,0,0,0.0,.498,.500,0.0,0.0,0,,Traded,/1
151,Sam Demel\demelsa01,24,ARI,35,0,0,0,0,0,0,0,0.0,0,0,0.0,.500,.500,0.0,0.0,0,,Traded,1
152,Ryan Dempster\dempsry01,33,CHC,33,75,-12,0,0,0,10,-2,-0.3,0,-2,-0.2,.493,.499,-0.2,0.0,-2,$13500000,Free Agency,1
153,Chris Denorfia\denorch01,29,SDP,99,317,5,0,1,6,-2,10,1.0,10,20,2.0,.511,.507,1.4,0.4,14,,Free Agency,879
154,Mark DeRosa\derosma01,35,SFG,26,104,-5,-2,-1,-1,-1,-9,-1.0,3,-6,-0.7,.461,.494,-0.6,-0.2,-5,$6000000,Free Agency,7/4
155,Daniel Descalso*\descada01,23,STL,11,37,0,1,0,1,0,3,0.3,1,4,0.4,.528,.502,0.3,0.1,3,,Amateur Draft,/56
156,Ian Desmond\desmoia01,24,WSN,154,574,-7,2,0,-7,7,-5,-0.6,18,13,1.1,.497,.497,1.9,0.0,20,$400000,Amateur Draft,*6/9
157,Elmer Dessens\desseel01,39,NYM,50,0,0,0,0,0,0,0,0.0,0,0,0.0,.500,.500,0.0,0.0,0,,Free Agency,1
158,Ross Detwiler\detwiro01,24,WSN,8,7,-2,0,0,0,1,-1,-0.1,0,-1,-0.1,.487,.499,-0.1,0.0,-1,$400000,Amateur Draft,/1
159,Blake DeWitt*\dewitbl01,24,2TM,135,496,-8,0,1,-6,3,-9,-1.1,15,6,0.4,.493,.497,1.1,-0.3,12,$410000,Traded,4/5
160,Thomas Diamond\diamoth01,27,CHC,16,8,-2,0,0,0,1,0,-0.1,0,0,-0.1,.497,.500,-0.1,0.0,0,,Waivers,1
161,Argenis Diaz\diazar01,23,PIT,22,36,-2,-1,0,-2,0,-5,-0.5,1,-4,-0.4,.477,.497,-0.2,-0.2,-2,,Traded,6
162,Matt Diaz\diazma02,32,ATL,84,244,1,0,0,0,-2,-1,-0.2,8,7,0.6,.499,.499,0.6,-0.2,7,$2550000,Traded,7
163,Chris Dickerson*\dickech01,28,2TM,45,106,-7,1,1,3,0,-3,-0.4,3,0,0.0,.493,.499,-0.4,0.3,-3,$415000,Amateur Draft,/789
164,R.A. Dickey\dicker.01,35,NYM,25,61,-3,0,1,0,8,6,0.6,0,6,0.6,.524,.504,0.6,0.0,6,,Free Agency,1
165,Greg Dobbs*\dobbsgr01,31,PHI,88,176,-11,0,1,-5,0,-15,-1.6,5,-9,-1.1,.482,.490,-0.6,-0.5,-4,$1350000,Waivers,5/3D9
166,Brendan Donnelly\donnebr01,38,PIT,34,0,0,0,0,0,0,0,0.0,0,0,0.0,.500,.500,0.0,0.0,0,$1350000,Free Agency,1
167,Octavio Dotel\doteloc01,36,3TM,66,1,0,0,0,0,0,0,0.0,0,0,0.0,.500,.500,0.0,0.0,0,$3250000,Traded,/1
168,Ryan Doumit#\doumiry01,29,PIT,124,456,-2,-3,-2,-11,6,-13,-1.4,14,2,0.0,.489,.492,1.1,-0.6,13,$3650000,Amateur Draft,29/3D
169,Matt Downs\downsma01,26,2TM,40,109,-3,1,0,4,1,2,0.2,3,6,0.6,.506,.501,0.1,0.5,2,,Waivers,/456
170,Stephen Drew*\drewst01,27,ARI,151,633,13,0,0,0,8,21,2.1,20,41,4.0,.515,.514,4.0,0.7,41,$3400000,Amateur Draft,*6
171,Lucas Duda*\dudalu01,24,NYM,29,92,-2,0,0,-1,-1,-4,-0.5,3,-2,-0.2,.484,.497,-0.1,-0.2,-1,,Amateur Draft,7
172,Zach Duke*\dukeza01,27,PIT,32,58,-9,0,1,0,7,-2,-0.2,0,-2,-0.2,.493,.499,-0.2,0.0,-2,$4300000,Amateur Draft,1
173,Adam Dunn*\dunnad01,30,WSN,158,648,27,-2,0,-11,-8,6,0.5,20,26,2.5,.504,.504,3.7,-2.1,37,$12000000,Free Agency,*3/D
174,Mike Dunn*\dunnmi01,25,ATL,25,2,0,0,0,0,0,1,0.1,0,1,0.1,.502,.500,0.1,0.0,1,,Traded,1
175,Luis Durango#\duranlu01,24,SDP,28,53,-3,1,0,0,0,-2,-0.2,2,0,0.0,.495,.499,0.0,0.0,0,,Amateur Free Agent,8
176,Chad Durbin\durbich01,32,PHI,63,2,-1,0,0,0,0,0,0.0,0,0,0.0,.500,.500,0.0,0.0,0,$2125000,Free Agency,1
177,David Eckstein\eckstda01,35,SDP,116,492,-9,1,1,4,3,0,-0.1,15,16,1.4,.500,.500,1.0,0.7,12,$1000000,Free Agency,*4
178,Jim Edmonds*\edmonji01,40,2TM,86,272,9,0,0,2,0,11,1.1,8,19,1.9,.513,.507,1.7,0.2,17,$850000,Traded,/8379
179,Scott Elbert*\elbersc01,24,LAD,1,0,0,0,0,0,0,0,0.0,0,0,0.0,.500,.500,0.0,0.0,0,,Amateur Draft,/1
180,Brad Eldred\eldrebr01,29,COL,11,27,0,0,0,0,0,-1,-0.1,1,0,0.0,.492,.499,0.0,0.0,0,,Free Agency,/3
181,A.J. Ellis\ellisaj01,29,LAD,44,128,1,-1,-1,-2,2,0,-0.1,4,4,0.3,.499,.500,0.6,0.0,6,,Amateur Draft,2
182,John Ely\elyjo01,24,LAD,17,32,-5,0,0,0,4,-1,-0.1,0,-1,-0.1,.496,.500,-0.1,0.0,-1,,Traded,1
183,Jesse English*\englije01,25,WSN,7,1,0,0,0,0,0,0,0.0,0,0,0.0,.502,.500,0.0,0.0,0,$400000,Waivers,/1
184,Barry Enright\enrigba01,24,ARI,18,37,-3,0,0,0,5,2,0.2,0,2,0.2,.510,.501,0.2,0.0,2,,Amateur Draft,1
185,Edgmer Escalona\escaled01,23,COL,5,0,0,0,0,0,0,0,0.0,0,0,0.0,.500,.500,0.0,0.0,0,,Amateur Free Agent,/1
186,Alcides Escobar\escobal02,23,MIL,145,552,-25,-1,2,7,7,-10,-1.1,17,8,0.5,.493,.494,-0.2,1.4,1,$405500,Amateur Free Agent,*6/798
187,Yunel Escobar\escobyu01,27,ATL,75,301,-8,1,-1,8,4,4,0.4,9,13,1.3,.506,.503,0.4,1.2,5,$435000,Amateur Draft,6
188,Danny Espinosa#\espinda01,23,WSN,28,112,-2,0,1,5,1,4,0.4,3,7,0.7,.515,.503,0.2,0.6,2,,Amateur Draft,4/6
189,Brian Esposito\esposbr01,31,HOU,2,3,-1,0,0,0,0,-1,-0.1,0,-1,-0.1,.458,.499,-0.1,0.0,-1,,Free Agency,/2
190,Marco Estrada\estrama01,26,MIL,5,1,0,0,0,0,0,0,0.0,0,0,0.0,.497,.500,0.0,0.0,0,,Waivers,/1
191,Andre Ethier*\ethiean01,28,LAD,139,585,21,0,0,-14,-5,2,0.1,18,20,1.9,.502,.501,3.4,-2.1,34,$5750000,Traded,*9/3
192,Nick Evans\evansni01,24,NYM,20,37,0,0,0,1,0,1,0.1,1,2,0.2,.504,.501,0.1,0.1,1,,Amateur Draft,/798
193,Dana Eveland*\evelada01,26,PIT,1,1,0,0,0,0,0,0,0.0,0,0,0.0,.485,.500,0.0,0.0,0,,Traded,/1
194,Kyle Farnsworth\farnsky01,34,ATL,23,0,0,0,0,0,0,0,0.0,0,0,0.0,.500,.500,0.0,0.0,0,,Traded,1
195,Jesus Feliciano*\felicje01,31,NYM,54,119,-7,2,0,1,-1,-5,-0.6,4,-2,-0.2,.489,.496,-0.4,0.0,-3,,Free Agency,978
196,Pedro Feliciano*\felicpe01,33,NYM,87,0,0,0,0,0,0,0,0.0,0,0,0.0,.500,.500,0.0,0.0,0,$2900000,Free Agency,1
197,Pedro Feliz\felizpe01,35,2TM,137,429,-27,1,-1,-7,1,-34,-3.7,13,-20,-2.4,.474,.486,-1.6,-0.7,-13,$4500000,Free Agency,53
198,Prince Fielder*\fieldpr01,26,MIL,161,714,28,-7,0,-17,-9,-4,-0.5,21,18,1.5,.498,.498,3.4,-2.8,35,$11000000,Amateur Draft,*3/D
199,Nelson Figueroa#\figuene01,36,2TM,30,22,-2,0,0,0,3,1,0.1,0,1,0.1,.502,.500,0.1,0.0,1,$416000,Waivers,1
200,Carlos Fisher\fisheca01,27,CIN,17,4,-1,0,0,0,1,-1,-0.1,0,-1,-0.1,.497,.500,-0.1,0.0,-1,,Amateur Draft,1
201,Randy Flores*\florera01,34,COL,43,0,0,0,0,0,0,0,0.0,0,0,0.0,.500,.500,0.0,0.0,0,$650000,Free Agency,1
202,Mike Fontenot*\fontemi01,30,2TM,103,261,-3,-3,1,-4,2,-7,-0.8,8,2,0.0,.493,.497,0.5,-0.2,6,$1000000,Traded,45/6
203,Darren Ford\fordda03,24,SFG,7,0,0,0,0,0,0,0,0.0,0,0,0.0,.504,.500,0.0,0.0,0,,Traded,/8
204,Dexter Fowler#\fowlede01,24,COL,132,505,-4,2,0,2,3,3,0.2,16,18,1.7,.502,.502,1.5,0.4,16,$406000,Amateur Draft,*8
205,Jeff Francis*\francje01,29,COL,18,30,-4,0,0,0,4,0,0.0,0,0,0.0,.501,.500,0.0,0.0,0,$5750000,Amateur Draft,1
206,Ben Francisco\francbe01,28,PHI,88,197,0,1,0,-1,-2,-2,-0.2,6,5,0.4,.498,.499,0.5,-0.4,6,$470000,Traded,79/D8
207,Juan Francisco*\francju02,23,CIN,36,59,-1,-1,0,0,0,-2,-0.2,2,0,0.0,.496,.499,0.0,0.0,0,$400000,Amateur Free Agent,5
208,Jeff Francoeur\francje02,26,NYM,124,447,-13,-1,0,16,-4,-2,-0.3,14,12,1.1,.499,.499,-0.6,1.2,-4,$5000000,Traded,*9
209,Ryan Franklin\frankry01,37,STL,57,3,-1,0,0,0,0,0,0.0,0,0,0.0,.499,.500,0.0,0.0,0,$3050000,Free Agency,1
210,Freddie Freeman*\freemfr01,20,ATL,20,24,-2,0,0,0,0,-2,-0.2,1,-1,-0.2,.489,.499,-0.2,0.0,-1,,Amateur Draft,3
211,David Freese\freesda01,27,STL,70,270,3,0,0,-5,1,-1,-0.1,8,8,0.7,.499,.499,1.2,-0.4,13,$400000,Traded,5/3
212,Ernesto Frieri\frierer01,24,SDP,33,1,0,0,0,0,0,0,0.0,0,0,0.0,.500,.500,0.0,0.0,0,,Amateur Free Agent,1
213,Kosuke Fukudome*\fukudko01,33,CHC,130,429,8,-3,1,-1,-4,0,-0.1,13,14,1.2,.500,.500,1.4,-0.5,15,$14000000,Free Agency,*9/D
214,Jeff Fulchino\fulchje01,30,HOU,46,1,0,0,0,0,0,0,0.0,0,0,0.0,.500,.500,0.0,0.0,0,$425000,Waivers,1
215,Sam Fuld*\fuldsa01,28,CHC,19,31,-4,0,0,0,0,-4,-0.5,1,-3,-0.4,.477,.497,-0.4,0.0,-3,$1,Amateur Draft,/78
216,Rafael Furcal#\furcara02,32,LAD,97,428,15,6,0,4,5,29,3.0,13,42,4.2,.531,.519,3.8,0.9,38,$9500000,Free Agency,6
217,Sean Gallagher\gallase01,24,2TM,46,8,-2,0,0,0,1,-1,-0.1,0,-1,-0.1,.499,.500,-0.1,0.0,-1,$413500,Purchased,1
218,Yovani Gallardo\gallayo01,24,MIL,32,72,3,0,0,0,9,11,1.2,0,12,1.2,.537,.507,1.2,0.0,12,$450000,Amateur Draft,1
219,Mat Gamel*\gamelma01,24,MIL,12,17,-1,0,0,0,0,-1,-0.1,1,-1,-0.1,.491,.499,-0.1,0.0,-1,$406500,Amateur Draft,/57
220,Jaime Garcia*\garcija02,23,STL,29,60,-6,0,0,0,7,2,0.2,0,2,0.2,.507,.501,0.2,0.0,2,$400000,Amateur Draft,1
221,Jon Garland\garlajo01,30,SDP,34,69,-4,0,0,0,9,5,0.5,0,5,0.6,.516,.503,0.6,0.0,5,$4700000,Free Agency,1
222,Dillon Gee\geedi01,24,NYM,5,12,-1,0,0,0,2,0,0.0,0,0,0.0,.502,.500,0.0,0.0,0,,Amateur Draft,/1
223,Jody Gerut*\gerutjo01,32,MIL,32,74,-2,0,0,-1,0,-3,-0.3,2,-1,-0.1,.491,.498,0.0,-0.1,1,$2000000,Traded,8/79
224,Sammy Gervacio\gervasa01,25,HOU,6,0,0,0,0,0,0,0,0.0,0,0,0.0,.500,.500,0.0,0.0,0,$402500,Free Agency,/1
225,Jason Giambi*\giambja01,39,COL,87,222,-2,0,-1,-3,-3,-8,-0.9,7,-1,-0.2,.490,.495,0.1,-0.7,2,$1750000,Free Agency,3/D
226,Jay Gibbons*\gibboja01,33,LAD,37,80,2,0,0,-7,-1,-7,-0.7,2,-4,-0.5,.481,.496,0.3,-0.8,3,,Free Agency,7/39
227,Cole Gillespie\gilleco01,26,ARI,45,113,-5,0,0,-4,-1,-10,-1.1,4,-6,-0.7,.477,.494,-0.3,-0.6,-2,,Traded,7/98
228,Troy Glaus\glaustr01,33,ATL,128,483,5,1,-2,-8,-6,-11,-1.2,15,4,0.2,.491,.493,1.1,-1.5,12,$1750000,Free Agency,*3/D5
229,Ross Gload*\gloadro01,34,PHI,94,138,2,0,1,-2,-1,-1,-0.1,4,4,0.3,.500,.500,0.6,-0.4,6,$1000000,Free Agency,3/9D7
230,Jonny Gomes\gomesjo01,29,CIN,148,571,2,0,0,-21,-5,-24,-2.7,18,-6,-0.9,.483,.484,1.3,-2.8,15,$800000,Free Agency,*7/D
231,Carlos Gomez\gomezca01,24,MIL,97,318,-9,1,-1,5,1,-3,-0.3,10,7,0.6,.497,.498,0.1,0.6,2,$1100000,Traded,8/79
232,Adrian Gonzalez*\gonzaad01,28,SDP,160,693,39,-2,-1,-3,-9,23,2.3,21,45,4.4,.515,.515,4.7,-1.3,48,$4875000,Traded,*3/D
233,Alberto Gonzalez\gonzaal03,27,WSN,114,198,-11,-2,-1,7,2,-5,-0.5,6,2,0.1,.496,.497,-0.7,0.9,-5,$415500,Traded,456/39
234,Alex Gonzalez\gonzaal02,33,ATL,72,292,-9,-1,-1,14,4,7,0.7,9,16,1.6,.511,.505,0.1,1.9,2,,Traded,6
235,Carlos Gonzalez*\gonzaca01,24,COL,145,636,36,6,0,2,-3,41,4.1,19,60,5.9,.529,.526,5.8,-0.1,58,$406000,Traded,*789
236,Tom Gorzelanny\gorzeto01,27,CHC,28,45,-8,0,0,0,6,-2,-0.2,0,-2,-0.2,.492,.499,-0.2,0.0,-2,$800000,Traded,1
237,John Grabow*\grabojo02,31,CHC,26,0,0,0,0,0,0,0,0.0,0,0,0.0,.500,.500,0.0,0.0,0,$2700000,Traded,1
238,Jeff Gray\grayje02,28,CHC,7,0,0,0,0,0,0,0,0.0,0,0,0.0,.500,.500,0.0,0.0,0,,Traded,/1
239,Nick Green\greenni01,31,LAD,5,9,-1,0,0,1,0,0,0.0,0,0,0.0,.499,.500,-0.1,0.1,-1,,Free Agency,/46
240,Sean Green\greense01,31,NYM,11,0,0,0,0,0,0,0,0.0,0,0,0.0,.500,.500,0.0,0.0,0,$975000,Traded,1
241,Tyler Greene\greenty02,26,STL,44,122,-3,2,0,-3,2,-2,-0.2,4,2,0.2,.496,.499,0.5,-0.2,5,,Amateur Draft,645
242,Luke Gregerson*\gregelu01,26,SDP,78,0,0,0,0,0,0,0,0.0,0,0,0.0,.500,.500,0.0,0.0,0,$416500,Traded,1
243,Jose Guillen\guilljo01,34,SFG,42,139,-2,-1,-1,-4,-1,-9,-1.0,4,-5,-0.6,.477,.494,-0.1,-0.6,-1,,Traded,9
244,J.C. Gutierrez\gutieju01,26,ARI,55,0,0,0,0,0,0,0,0.0,0,0,0.0,.500,.500,0.0,0.0,0,$411000,Traded,1
245,Cristian Guzman#\guzmacr01,32,WSN,89,346,-7,1,1,-9,2,-12,-1.3,11,-1,-0.3,.486,.492,0.7,-0.8,8,$8000000,Free Agency,46/9D
246,Tony Gwynn*\gwynnto02,27,SDP,117,339,-12,2,2,18,2,12,1.2,11,22,2.2,.511,.508,0.3,2.1,4,$419800,Traded,8
247,Charlie Haeger\haegech01,26,LAD,8,9,-2,0,0,0,1,-1,-0.1,0,-1,-0.1,.493,.500,-0.1,0.0,-1,$411000,Free Agency,/1
248,Jerry Hairston\hairsje02,34,SDP,119,476,-10,-2,1,6,4,-1,-0.2,15,14,1.2,.499,.499,0.6,1.0,8,$2125000,Free Agency,64/975
249,Scott Hairston\hairssc01,30,SDP,104,336,-5,0,1,7,-3,1,0.0,10,11,1.0,.501,.501,0.3,0.4,4,$2450000,Traded,78/9D
250,Roy Halladay\hallaro01,33,PHI,31,95,-15,0,0,0,13,-2,-0.3,0,-2,-0.3,.492,.499,-0.3,0.0,-2,$15750000,Traded,1
251,Cole Hamels*\hamelco01,26,PHI,32,72,-9,0,0,0,10,0,0.0,0,0,0.0,.500,.500,0.0,0.0,0,$6650000,Amateur Draft,1
252,Mark Hamilton*\hamilma01,25,STL,9,15,-2,0,0,0,0,-2,-0.2,0,-2,-0.2,.475,.499,-0.2,0.0,-2,,Amateur Draft,/3
253,Jason Hammel\hammeja01,27,COL,29,63,-12,0,0,0,9,-4,-0.4,0,-4,-0.4,.487,.498,-0.4,0.0,-4,$1900000,Traded,1
254,Mike Hampton\hamptmi01,37,ARI,10,0,0,0,0,0,0,0,0.0,0,0,0.0,.500,.500,0.0,0.0,0,,Free Agency,1
255,Ryan Hanigan\hanigry01,29,CIN,70,243,8,0,0,4,4,16,1.6,8,23,2.3,.523,.510,1.9,0.8,19,$415000,Amateur Free Agent,2
256,Joel Hanrahan\hanrajo01,28,PIT,69,0,0,0,0,0,0,0,0.0,0,0,0.0,.500,.500,0.0,0.0,0,$453000,Traded,1
257,Tommy Hanson\hansoto01,23,ATL,33,73,-13,0,0,0,10,-4,-0.4,0,-4,-0.4,.489,.498,-0.4,0.0,-4,$435000,Amateur Draft,1
258,J.A. Happ*\happja01,27,2TM,16,30,-7,0,0,0,4,-3,-0.3,0,-3,-0.3,.483,.499,-0.3,0.0,-3,$470000,Traded,1
259,Aaron Harang\haranaa01,32,CIN,21,40,-7,0,0,0,5,-2,-0.2,0,-2,-0.2,.492,.499,-0.2,0.0,-2,$12500000,Traded,1
260,Dan Haren\harenda01,29,ARI,22,57,3,0,0,0,7,10,1.0,0,10,1.0,.547,.506,1.0,0.0,10,$8250000,Traded,1
261,Willie Harris*\harriwi02,32,WSN,132,262,-8,-1,0,-1,-4,-14,-1.5,8,-6,-0.7,.489,.491,-0.6,-0.6,-5,$1500000,Free Agency,79/58D
262,Corey Hart\hartco01,28,MIL,145,614,23,0,0,3,-5,21,2.1,19,40,3.9,.515,.514,3.6,-0.3,37,$4800000,Amateur Draft,*9
263,Chris Hatcher#\hatchch02,25,FLA,5,8,-2,0,0,1,0,0,0.0,0,0,0.0,.491,.500,-0.1,0.1,-1,,Amateur Draft,/2
264,LaTroy Hawkins\hawkila01,37,MIL,18,0,0,0,0,0,0,0,0.0,0,0,0.0,.500,.500,0.0,0.0,0,$3250000,Free Agency,1
265,Blake Hawksworth\hawksbl01,27,STL,44,18,-5,0,0,0,2,-2,-0.3,0,-2,-0.3,.494,.498,-0.3,0.0,-2,$402000,Amateur Draft,1
266,Brad Hawpe*\hawpebr01,31,COL,88,300,-4,-1,1,-5,-3,-11,-1.3,9,-2,-0.4,.486,.493,0.2,-0.9,3,$7500000,Amateur Draft,9/3
267,Brett Hayes\hayesbr01,26,FLA,26,83,-4,-1,0,1,1,-2,-0.2,3,1,0.0,.493,.499,-0.1,0.2,0,,Amateur Draft,2
268,Chase Headley#\headlch01,26,SDP,161,674,1,-1,2,14,3,19,1.9,21,40,3.9,.512,.512,2.4,1.8,26,$427700,Amateur Draft,*5
269,Aaron Heilman\heilmaa01,31,ARI,67,1,0,0,0,0,0,0,0.0,0,0,0.0,.500,.500,0.0,0.0,0,$2150000,Traded,1
270,Chris Heisey\heisech01,25,CIN,97,226,0,0,0,6,-2,4,0.4,7,11,1.0,.504,.502,0.4,0.4,5,,Amateur Draft,798
271,Wes Helms\helmswe01,34,FLA,127,287,-9,-3,0,-5,1,-16,-1.8,9,-7,-0.9,.486,.489,-0.4,-0.5,-2,$950000,Purchased,5/3
272,Todd Helton*\heltoto01,36,COL,118,473,-6,-3,-1,6,-6,-10,-1.2,15,5,0.2,.491,.493,-0.4,0.0,-1,$17775000,Amateur Draft,*3
273,Clay Hensley\henslcl01,30,FLA,66,2,-1,0,0,0,0,0,0.0,0,0,0.0,.500,.500,0.0,0.0,0,$425000,Free Agency,1
274,Anderson Hernandez#\hernaan01,27,HOU,32,56,-3,1,0,0,0,-2,-0.2,2,0,-0.1,.493,.499,-0.1,0.0,0,,Waivers,/46
275,Diory Hernandez\hernadi01,26,ATL,20,10,-1,0,0,0,0,-1,-0.1,0,-1,-0.1,.496,.500,-0.1,0.0,0,$400000,Amateur Free Agent,/64
276,Livan Hernandez\hernali01,35,WSN,33,71,-10,0,0,0,9,-1,-0.1,0,-1,-0.1,.497,.499,-0.1,0.0,-1,$900000,Free Agency,1
277,Luis Hernandez#\hernalu01,26,NYM,17,47,-1,0,0,4,0,3,0.4,1,5,0.5,.521,.502,0.1,0.5,1,,Free Agency,4/65
278,Ramon Hernandez\hernara02,34,CIN,97,352,6,-3,0,-8,5,1,0.0,11,12,1.1,.501,.501,2.0,-0.3,20,$3868376,Free Agency,2/3
279,David Herndon\herndda01,24,PHI,43,2,-1,0,0,0,0,0,0.0,0,0,0.0,.499,.500,0.0,0.0,0,$400000,MinorLg Draft,1
280,Danny Herrera*\herreda01,25,CIN,32,1,0,0,0,0,0,0,0.0,0,0,0.0,.500,.500,0.0,0.0,0,$412500,Traded,1
281,Jonathan Herrera#\herrejo03,25,COL,76,257,-7,0,1,6,2,2,0.2,8,10,0.9,.503,.501,0.3,0.8,4,,Free Agency,45/6
282,Mike Hessman\hessmmi01,32,NYM,32,65,-4,0,0,3,0,-2,-0.2,2,0,0.0,.495,.499,-0.3,0.3,-3,,Free Agency,/53
283,John Hester\hestejo01,26,ARI,38,106,-4,0,0,-5,2,-8,-0.8,3,-4,-0.5,.479,.495,0.0,-0.4,1,,Amateur Draft,2
284,Jason Heyward*\heywaja01,20,ATL,142,623,32,1,2,15,-5,45,4.6,19,64,6.4,.533,.529,4.9,1.0,49,$400000,Amateur Draft,*9
285,Brandon Hicks\hicksbr01,24,ATL,16,6,-1,0,0,0,0,-1,-0.1,0,0,0.0,.497,.500,0.0,0.0,0,,Amateur Draft,/564
286,Koyie Hill#\hillko01,31,CHC,77,231,-16,1,1,0,4,-11,-1.2,7,-3,-0.5,.485,.493,-0.5,0.4,-3,$700000,Free Agency,2/5
287,Steven Hill\hillst01,25,STL,1,3,1,0,0,0,0,1,0.1,0,1,0.1,.588,.501,0.1,0.0,1,,Amateur Draft,/2
288,Eric Hinske*\hinsker01,32,ATL,131,320,4,0,0,-5,-4,-6,-0.7,10,4,0.3,.495,.496,0.8,-1.0,9,$1000000,Free Agency,73/5D
289,Trevor Hoffman\hoffmtr01,42,MIL,48,1,0,0,0,0,0,0,0.0,0,0,0.0,.500,.500,0.0,0.0,0,$7500000,Free Agency,1
290,Micah Hoffpauir*\hoffpmi01,30,CHC,24,57,-5,1,0,0,-1,-6,-0.6,2,-4,-0.5,.474,.496,-0.5,-0.1,-4,$1,Amateur Draft,3/79
291,Matt Holliday\hollima01,30,STL,158,675,39,-2,0,7,-6,39,3.9,21,60,5.9,.526,.525,5.2,0.0,53,$16333327,Free Agency,*7/D
292,Paul Hoover\hoovepa01,34,PHI,9,25,-2,0,0,-1,0,-3,-0.3,1,-2,-0.2,.467,.498,-0.1,-0.1,-1,,Free Agency,/2
293,James Houser*\houseja01,25,FLA,0,0,0,0,0,0,0,0,,0,0,,,,,,0,,Free Agency,/1
294,Ryan Howard*\howarry01,30,PHI,143,620,18,-2,0,-13,-8,-4,-0.6,19,15,1.2,.497,.497,2.7,-2.3,28,$19000000,Amateur Draft,*3/D
295,Bob Howry*\howrybo01,36,2TM,36,0,0,0,0,0,0,0,0.0,0,0,0.0,.500,.500,0.0,0.0,0,$2000000,Free Agency,1
296,Chin-lung Hu\huch01,26,LAD,14,25,-4,0,0,2,0,-1,-0.1,1,0,-0.1,.491,.499,-0.3,0.2,-2,,Amateur Free Agent,6
297,Daniel Hudson\hudsoda01,23,ARI,11,31,-4,0,0,0,4,0,0.0,0,0,0.0,.501,.500,0.0,0.0,0,,Traded,1
298,Tim Hudson\hudsoti01,34,ATL,33,85,-9,0,0,0,11,2,0.2,0,2,0.2,.507,.501,0.2,0.0,2,$9000000,Traded,1
299,Aubrey Huff*\huffau01,33,SFG,157,668,35,3,0,8,-9,36,3.7,21,57,5.7,.524,.523,4.9,-0.2,49,$3000000,Free Agency,379
300,Nick Hundley\hundlni01,26,SDP,85,307,1,-6,-1,-8,5,-9,-1.0,10,0,-0.1,.489,.494,0.7,-0.4,8,$415700,Amateur Draft,2
301,Chris Iannetta\iannech01,27,COL,61,223,-7,0,0,-4,3,-8,-0.9,7,-1,-0.2,.486,.495,0.2,-0.1,3,$1750000,Amateur Draft,2/35D
302,Raul Ibanez*\ibanera01,38,PHI,155,636,6,-1,0,-12,-6,-13,-1.5,20,7,0.4,.491,.492,1.7,-1.9,19,$12166666,Free Agency,*7/3D
303,Ryota Igarashi\igarary01,31,NYM,32,0,0,0,0,0,0,0,0.0,0,0,0.0,.500,.500,0.0,0.0,0,$1250000,Free Agency,1
304,Omar Infante\infanom01,28,ATL,134,506,8,0,-2,7,2,16,1.6,16,32,3.1,.512,.510,2.4,1.0,24,$2225000,Traded,4567/9
305,Joe Inglett*\inglejo01,32,MIL,102,160,-1,0,0,5,-1,3,0.3,5,8,0.8,.503,.502,0.3,0.4,3,$416000,Waivers,97/41
306,Travis Ishikawa*\ishiktr01,26,SFG,116,173,-2,-2,0,1,-2,-4,-0.5,5,1,0.0,.496,.497,-0.1,-0.1,0,$417000,Amateur Draft,3
307,Akinori Iwamura*\iwamuak01,31,PIT,54,193,-8,-2,0,-12,1,-21,-2.2,6,-15,-1.6,.460,.487,-0.4,-1.2,-3,$4850000,Traded,4
308,Conor Jackson\jacksco01,28,ARI,42,172,-4,0,0,2,-2,-3,-0.3,5,3,0.2,.493,.498,0.0,0.0,1,$3100000,Amateur Draft,7/3
309,Edwin Jackson\jacksed01,26,ARI,20,43,-5,0,0,0,6,1,0.1,0,1,0.1,.504,.500,0.1,0.0,1,$4600000,Traded,1
310,Steven Jackson\jacksst01,28,PIT,10,0,0,0,0,0,0,0,0.0,0,0,0.0,.500,.500,0.0,0.0,0,,Waivers,1
311,Mike Jacobs*\jacobmi02,29,NYM,7,28,-1,0,0,1,0,0,0.0,1,1,0.1,.505,.500,0.0,0.1,0,$900000,Free Agency,/3
312,Chris Jakubauskas*\jakubch01,31,PIT,1,0,0,0,0,0,0,0,0.0,0,0,0.0,.500,.500,0.0,0.0,0,,Waivers,/1
313,Paul Janish\janispa01,27,CIN,82,228,-1,-1,0,3,3,5,0.4,7,12,1.1,.506,.503,0.8,0.6,9,$412500,Amateur Draft,65/4
314,Kenley Jansen#\janseke01,22,LAD,26,2,1,0,0,0,0,1,0.1,0,1,0.1,.504,.501,0.1,0.0,1,,Amateur Free Agent,1
315,Jason Jaramillo#\jaramja01,27,PIT,33,97,-9,0,-1,0,2,-9,-1.0,3,-6,-0.7,.472,.494,-0.7,0.2,-6,$416500,Traded,2
316,Jon Jay*\jayjo02,25,STL,105,323,8,0,1,-6,-2,0,-0.1,10,10,0.9,.500,.500,1.5,-0.9,16,,Amateur Draft,98/7
317,Jeremy Jeffress\jeffrje01,22,MIL,10,0,0,0,0,0,0,0,0.0,0,0,0.0,.500,.500,0.0,0.0,0,,Amateur Draft,1
318,Ubaldo Jimenez\jimenub01,26,COL,32,83,-13,0,1,0,11,-2,-0.2,0,-2,-0.2,.494,.499,-0.2,0.0,-2,$1250000,Amateur Free Agent,1
319,Waldis Joaquin\joaquwa01,23,SFG,4,0,0,0,0,0,0,0,0.0,0,0,0.0,.500,.500,0.0,0.0,0,$400500,Free Agency,/1
320,Chris Johnson\johnsch05,25,HOU,94,362,8,0,-1,-16,2,-7,-0.8,11,5,0.3,.493,.496,2.0,-1.5,21,$400000,Amateur Draft,5
321,Josh Johnson*\johnsjo09,26,FLA,27,66,-13,0,0,0,9,-4,-0.4,0,-4,-0.4,.484,.497,-0.4,0.0,-4,$3750000,Amateur Draft,1
322,Kelly Johnson*\johnske05,28,ARI,154,671,24,-4,-1,0,4,23,2.3,20,44,4.3,.516,.515,4.3,0.3,44,$2350000,Free Agency,*4/D
323,Reed Johnson\johnsre02,33,LAD,102,215,-5,-1,0,-1,-3,-10,-1.1,7,-3,-0.5,.490,.494,-0.3,-0.5,-2,$800000,Free Agency,79/8
324,Chipper Jones#\jonesch06,38,ATL,95,381,10,1,0,0,2,12,1.2,12,24,2.4,.514,.508,2.4,0.1,24,$14000000,Amateur Draft,5/D
325,Garrett Jones*\jonesga02,29,PIT,158,654,-4,0,-1,-7,-8,-20,-2.2,20,1,-0.3,.487,.487,0.5,-1.7,8,$425000,Free Agency,*39/D7
326,Hunter Jones*\joneshu01,26,FLA,3,0,0,0,0,0,0,0,0.0,0,0,0.0,.500,.500,0.0,0.0,0,,Traded,/1
327,Jair Jurrjens\jurrjja01,24,ATL,20,46,-6,0,0,0,6,0,0.0,0,0,0.0,.499,.500,0.0,0.0,0,$480000,Traded,1
328,Jeff Karstens\karstje01,27,PIT,24,38,-8,0,0,0,5,-3,-0.3,0,-3,-0.3,.488,.498,-0.3,0.0,-3,,Traded,1
329,Kenshin Kawakami\kawakke01,35,ATL,18,31,-4,-1,0,0,4,0,0.0,0,0,0.0,.500,.500,0.0,0.0,0,$7333666,Free Agency,1
330,Matt Kemp\kempma01,25,LAD,162,668,6,-1,-1,-37,4,-29,-3.2,21,-8,-1.1,.481,.481,2.8,-3.5,29,$4000000,Amateur Draft,*8
331,Kyle Kendrick\kendrky01,25,PHI,31,59,-9,0,0,0,8,-1,-0.1,0,-1,-0.1,.496,.499,-0.1,0.0,-1,$480000,Amateur Draft,1
332,Adam Kennedy*\kennead01,34,WSN,135,389,-4,1,-1,0,-1,-5,-0.6,12,7,0.6,.496,.497,0.6,-0.1,7,$1250000,Free Agency,43/5
333,Ian Kennedy\kenneia01,25,ARI,30,67,-4,0,0,0,9,5,0.5,0,5,0.5,.516,.503,0.5,0.0,5,$403000,Traded,1
334,Jeff Keppinger\keppije01,30,HOU,137,575,5,-3,0,-15,4,-8,-1.0,18,10,0.8,.494,.495,2.4,-1.2,25,$1150000,Traded,*46
335,Clayton Kershaw*\kershcl01,22,LAD,31,74,-13,0,-1,0,10,-4,-0.4,0,-4,-0.4,.487,.498,-0.4,0.0,-4,$440000,Amateur Draft,1
336,Craig Kimbrel\kimbrcr01,22,ATL,21,0,0,0,0,0,0,0,0.0,0,0,0.0,.500,.500,0.0,0.0,0,,Amateur Draft,1
337,Brandon Kintzler\kintzbr01,25,MIL,7,0,0,0,0,0,0,0,0.0,0,0,0.0,.500,.500,0.0,0.0,0,,Free Agency,/1
338,George Kottaras*\kottage01,27,MIL,67,250,-2,-1,0,1,4,1,0.1,8,9,0.8,.502,.501,0.7,0.5,8,$408500,Waivers,2/39
339,Erik Kratz\kratzer01,30,PIT,9,36,-5,-1,0,2,1,-3,-0.4,1,-2,-0.3,.460,.498,-0.5,0.3,-4,,Free Agency,/2
340,Zach Kroenke\kroenza01,26,ARI,3,2,-1,0,0,0,0,0,0.0,0,0,0.0,.490,.500,0.0,0.0,0,,Rule 5 Draft,/1
341,Hung-Chih Kuo*\kuoho01,28,LAD,54,3,0,0,0,0,0,1,0.1,0,1,0.1,.501,.500,0.1,0.0,1,$950000,Amateur Free Agent,1
342,Hiroki Kuroda\kurodhi01,35,LAD,30,68,-14,-1,0,0,9,-5,-0.6,0,-5,-0.6,.481,.497,-0.6,0.0,-5,$15433333,Free Agency,1
343,Mike Lamb*\lambmi01,34,FLA,39,40,-4,0,0,-1,0,-5,-0.5,1,-4,-0.4,.487,.497,-0.3,-0.1,-2,$500000,Free Agency,/3
344,John Lannan*\lannajo01,25,WSN,24,50,-8,0,0,0,7,-1,-0.2,0,-1,-0.2,.494,.499,-0.2,0.0,-1,$458000,Amateur Draft,1
345,Adam LaRoche*\larocad01,30,ARI,151,615,0,-5,0,6,-8,-6,-0.8,19,13,1.1,.496,.496,0.5,-0.3,7,$4500000,Free Agency,*3/D
346,Andy LaRoche\larocan01,26,PIT,102,271,-12,0,0,-8,1,-19,-2.1,8,-11,-1.3,.480,.487,-0.4,-0.8,-3,$451000,Traded,5/43D
347,Jason LaRue\larueja01,36,STL,29,63,-2,0,0,1,1,-1,-0.1,2,1,0.1,.498,.500,0.0,0.2,0,$950000,Free Agency,2/3
348,Mat Latos\latosma01,22,SDP,29,63,-9,0,0,0,9,-1,-0.1,0,-1,-0.1,.497,.499,-0.1,0.0,-1,$407800,Amateur Draft,1
349,Mike Leake\leakemi01,22,CIN,27,60,3,0,0,0,7,10,1.0,0,10,1.1,.539,.506,1.1,0.0,10,,Amateur Draft,1
350,Wade LeBlanc*\leblawa01,25,SDP,25,49,-2,0,0,0,6,5,0.5,0,5,0.5,.519,.503,0.5,0.0,5,,Amateur Draft,1
351,Sam LeCure\lecursa01,26,CIN,14,12,-2,0,0,0,2,0,0.0,0,0,0.0,.498,.500,0.0,0.0,0,,Amateur Draft,1
352,Wil Ledezma*\ledezwi01,29,PIT,27,0,0,0,0,0,0,0,0.0,0,0,0.0,.500,.500,0.0,0.0,0,,Free Agency,1
353,Carlos Lee\leeca01,34,HOU,157,649,-9,-2,-3,-17,-7,-38,-4.2,20,-18,-2.2,.474,.475,-0.4,-2.6,-1,$19000000,Free Agency,*73/D
354,Derrek Lee\leede02,34,2TM,148,626,5,1,-2,2,-8,-2,-0.3,19,18,1.5,.499,.498,1.4,-0.7,15,$13250000,Traded,3
355,Chris Leroux*\lerouch01,26,2TM,23,0,0,0,0,0,0,0,0.0,0,0,0.0,.500,.500,0.0,0.0,0,,Amateur Draft,1
356,Brad Lidge\lidgebr01,33,PHI,48,0,0,0,0,0,0,0,0.0,0,0,0.0,.500,.500,0.0,0.0,0,$12000000,Traded,1
357,Ted Lilly*\lillyte01,34,2TM,28,62,-13,0,0,0,8,-4,-0.5,0,-4,-0.5,.483,.499,-0.5,0.0,-4,$13000000,Free Agency,1
358,Tim Lincecum*\linceti01,26,SFG,33,83,-12,0,1,0,11,-1,-0.1,0,-1,-0.1,.497,.499,-0.1,0.0,-1,$9000000,Amateur Draft,1
359,Brad Lincoln*\lincobr01,25,PIT,10,18,0,0,0,0,2,3,0.3,0,3,0.3,.529,.502,0.3,0.0,3,,Amateur Draft,1
360,Mike Lincoln\lincomi01,35,CIN,19,1,0,0,0,0,0,0,0.0,0,0,0.0,.499,.500,0.0,0.0,0,$2500000,Free Agency,1
361,John Lindsey\lindsjo01,33,LAD,11,13,-2,0,0,0,0,-2,-0.2,0,-2,-0.2,.480,.499,-0.2,0.0,-2,,Free Agency,/3
362,Matt Lindstrom\lindsma01,30,HOU,56,0,0,0,0,0,0,0,0.0,0,0,0.0,.500,.500,0.0,0.0,0,$1625000,Traded,1
363,Jon Link\linkjo01,26,LAD,9,0,0,0,0,0,0,0,0.0,0,0,0.0,.500,.500,0.0,0.0,0,,Traded,/1
364,Kameron Loe\loeka01,28,MIL,52,2,-1,0,0,0,0,0,0.0,0,0,0.0,.500,.500,0.0,0.0,0,,Free Agency,1
365,Kyle Lohse\lohseky01,31,STL,21,37,-5,0,0,0,4,-1,-0.1,0,0,-0.1,.497,.500,-0.1,0.0,0,$9187500,Free Agency,1/7
366,James Loney*\loneyja01,26,LAD,161,648,-4,-1,-2,4,-8,-11,-1.3,20,9,0.6,.493,.493,0.2,-0.5,5,$3100000,Amateur Draft,*3
367,Felipe Lopez#\lopezfe01,30,STL,109,425,-8,1,0,-4,3,-8,-1.0,13,5,0.3,.492,.495,0.7,-0.2,9,$1000000,Free Agency,546/319
368,Javier Lopez*\lopezja02,32,2TM,72,1,0,0,0,0,0,0,0.0,0,0,0.0,.500,.500,0.0,0.0,0,$775000,Free Agency,1
369,Rodrigo Lopez\lopezro02,34,ARI,31,72,-15,0,0,0,10,-5,-0.6,0,-5,-0.6,.482,.496,-0.6,0.0,-5,$650000,Free Agency,1
370,Wilton Lopez\lopezwi01,26,HOU,64,0,0,0,0,0,0,0,0.0,0,0,0.0,.500,.500,0.0,0.0,0,,Waivers,1
371,Derek Lowe\lowede01,37,ATL,32,69,-6,-1,0,0,9,2,0.3,0,3,0.3,.508,.502,0.3,0.0,2,$15000000,Free Agency,1
372,Jonathan Lucroy\lucrojo01,24,MIL,75,297,-11,0,-1,4,5,-3,-0.4,9,6,0.5,.496,.498,0.1,0.9,2,,Amateur Draft,2
373,Ryan Ludwick\ludwiry01,31,2TM,136,553,4,-3,-2,8,-5,3,0.2,17,20,1.9,.503,.502,1.1,0.3,12,$5450000,Traded,9
374,Cory Luebke\luebkco01,25,SDP,4,5,-1,0,0,0,1,-1,-0.1,0,-1,-0.1,.483,.500,-0.1,0.0,-1,,Amateur Draft,/1
375,Hector Luna\lunahe01,30,FLA,27,30,-3,-1,0,-2,0,-6,-0.6,1,-5,-0.5,.479,.496,-0.3,-0.2,-3,,Free Agency,/54
376,Brandon Lyon\lyonbr01,30,HOU,78,0,0,0,0,0,0,0,0.0,0,0,0.0,.500,.500,0.0,0.0,0,$4250000,Free Agency,1
377,Mike MacDougal#\macdomi01,33,STL,17,0,0,0,0,0,0,0,0.0,0,0,0.0,.500,.500,0.0,0.0,0,,Free Agency,1
378,Evan MacLane*\maclaev01,27,STL,2,0,0,0,0,0,0,0,0.0,0,0,0.0,.500,.500,0.0,0.0,0,,Free Agency,/1
379,Ryan Madson*\madsory01,29,PHI,55,1,0,0,0,0,0,0,0.0,0,0,0.0,.500,.500,0.0,0.0,0,$4833333,Amateur Draft,1
380,Paul Maholm*\maholpa01,28,PIT,30,65,-12,0,1,0,9,-3,-0.3,0,-3,-0.3,.490,.498,-0.3,0.0,-3,$5000000,Amateur Draft,1
381,John Maine\mainejo01,29,NYM,10,14,-4,0,0,0,2,-2,-0.2,0,-2,-0.2,.478,.499,-0.2,0.0,-2,$3300000,Traded,/1
382,Scott Maine*\mainesc01,25,CHC,13,0,0,0,0,0,0,0,0.0,0,0,0.0,.500,.500,0.0,0.0,0,,Traded,1
383,Gary Majewski\majewga01,30,HOU,2,0,0,0,0,0,0,0,0.0,0,0,0.0,.500,.500,0.0,0.0,0,,Free Agency,/1
384,Carlos Maldonado\maldoca03,31,WSN,4,12,0,0,0,2,0,3,0.3,0,3,0.3,.571,.502,0.1,0.2,1,,Free Agency,/2
385,Matt Maloney*\malonma02,26,CIN,7,5,0,0,0,0,1,1,0.1,0,1,0.1,.508,.500,0.1,0.0,1,,Traded,/1
386,Tommy Manzella\manzeto01,27,HOU,83,282,-19,-1,0,-4,4,-20,-2.2,9,-11,-1.3,.474,.487,-0.9,0.0,-7,$400000,Amateur Draft,6
387,Jhan Marinez\marinjh01,21,FLA,4,0,0,0,0,0,0,0,0.0,0,0,0.0,.500,.500,0.0,0.0,0,,Amateur Free Agent,/1
388,Carlos Marmol\marmoca01,27,CHC,74,0,0,0,0,0,0,0,0.0,0,0,0.0,.500,.500,0.0,0.0,0,$2125000,Amateur Free Agent,1
389,Jason Marquis*\marquja01,31,WSN,17,24,-4,0,0,0,3,-1,-0.1,0,0,-0.1,.496,.500,-0.1,0.0,0,$7500000,Free Agency,1
390,Sean Marshall*\marshse01,27,CHC,74,4,-1,0,0,0,1,-1,-0.1,0,-1,-0.1,.499,.500,-0.1,0.0,-1,$950000,Amateur Draft,1
391,J.D. Martin\martijd01,27,WSN,8,14,-2,0,0,0,2,0,0.0,0,0,0.0,.497,.500,0.0,0.0,0,,Free Agency,/1
392,Russell Martin\martiru01,27,LAD,97,387,-4,1,0,5,6,8,0.7,12,20,1.9,.508,.505,1.4,1.1,15,$5050000,Amateur Draft,2
393,Cristhian Martinez\marticr01,28,ATL,18,4,-1,0,0,0,1,0,0.0,0,0,0.0,.498,.500,0.0,0.0,0,,Waivers,1
394,Fernando Martinez*\martife02,21,NYM,7,22,-2,0,0,0,0,-3,-0.3,1,-2,-0.2,.460,.498,-0.2,0.0,-2,,Amateur Free Agent,/79
395,Joe Martinez*\martijo07,27,2TM,9,3,-1,0,0,0,0,0,0.0,0,0,0.0,.495,.500,0.0,0.0,0,,Traded,/1
396,Osvaldo Martinez\martios01,22,FLA,14,48,2,0,0,-2,1,1,0.0,2,2,0.2,.504,.500,0.4,-0.2,4,,Amateur Draft,6
397,Nick Masset\masseni01,28,CIN,78,0,0,0,0,0,0,0,0.0,0,0,0.0,.500,.500,0.0,0.0,0,$1035000,Traded,1
398,Marcos Mateo\mateoma01,26,CHC,21,2,-1,0,0,0,0,0,0.0,0,0,0.0,.499,.500,0.0,0.0,0,,Traded,1
399,Joe Mather\mathejo02,27,STL,36,64,-5,0,0,0,-1,-6,-0.6,2,-4,-0.4,.483,.496,-0.4,-0.1,-4,$400000,Amateur Draft,8/97351
400,Scott Mathieson\mathisc01,26,PHI,2,0,0,0,0,0,0,0,0.0,0,0,0.0,.500,.500,0.0,0.0,0,,Free Agency,/1
401,Kazuo Matsui#\matsuka01,34,HOU,27,78,-10,0,0,0,1,-10,-1.1,2,-7,-0.8,.461,.494,-0.8,0.0,-7,$5500000,Free Agency,4
402,Gary Matthews#\matthga02,35,NYM,36,65,-5,0,0,-2,0,-7,-0.8,2,-5,-0.6,.478,.495,-0.4,-0.2,-3,$11400000,Traded,8/97
403,Justin Maxwell\maxweju01,26,WSN,67,131,-5,2,0,3,-1,-2,-0.2,4,3,0.2,.498,.499,-0.1,0.2,-1,,Amateur Draft,98/7
404,Yunesky Maya\mayayu01,28,WSN,5,9,-1,0,0,0,1,0,0.0,0,0,0.0,.499,.500,0.0,0.0,0,$2000000,Amateur Free Agent,/1
405,John Mayberry\maybejo02,26,PHI,11,13,2,0,0,0,0,1,0.1,0,2,0.2,.513,.501,0.2,0.0,2,,Traded,/98
406,Cameron Maybin\maybica01,23,FLA,82,322,-9,3,1,6,2,3,0.2,10,13,1.2,.504,.502,0.6,0.8,7,$405000,Traded,8
407,Brian McCann*\mccanbr01,26,ATL,143,566,18,-6,0,-1,8,19,1.9,18,37,3.6,.514,.513,3.8,0.7,38,$5700000,Amateur Draft,*2/D
408,Kyle McClellan\mccleky01,26,STL,67,2,0,0,0,0,0,0,0.0,0,0,0.0,.501,.500,0.0,0.0,0,$425000,Amateur Draft,1
409,Mike McClendon\mcclemi01,25,MIL,17,2,0,0,0,0,0,1,0.1,0,1,0.1,.503,.500,0.1,0.0,1,,Amateur Draft,1
410,Andrew McCutchen\mccutan01,23,PIT,154,653,20,3,1,-8,4,19,1.9,20,40,3.8,.513,.512,4.7,-0.5,47,$422500,Amateur Draft,*8
411,Daniel McCutchen\mccutda01,27,PIT,27,17,-3,0,0,0,2,-1,-0.1,0,-1,-0.1,.498,.500,-0.1,0.0,-1,$401500,Traded,1
412,James McDonald*\mcdonja03,25,2TM,15,23,-5,0,0,0,3,-1,-0.1,0,-1,-0.1,.491,.499,-0.1,0.0,-1,,Amateur Draft,/1
413,Casey McGehee\mcgehca01,27,MIL,157,670,12,-2,-1,-14,3,-3,-0.4,21,18,1.6,.498,.498,3.1,-1.3,32,$427500,Waivers,*5/3D
414,Michael McKenry\mckenmi01,25,COL,6,9,-2,0,0,0,0,-2,-0.2,0,-2,-0.2,.465,.499,-0.2,0.0,-2,,Amateur Draft,/2
415,Nate McLouth*\mclouna01,28,ATL,85,288,-11,1,0,-24,1,-33,-3.5,9,-24,-2.7,.459,.479,-0.2,-2.4,0,$5000000,Traded,8/7
416,Brandon Medders\meddebr01,30,SFG,14,0,0,0,0,0,0,0,0.0,0,0,0.0,.500,.500,0.0,0.0,0,$820000,Free Agency,1
417,Kris Medlen#\medlekr01,24,ATL,31,33,-2,0,0,0,4,3,0.3,0,3,0.3,.508,.502,0.3,0.0,3,$407500,Amateur Draft,1
418,Evan Meek\meekev01,27,PIT,66,2,1,0,0,0,0,1,0.1,0,1,0.1,.502,.501,0.1,0.0,1,$413500,Purchased,1
419,Jenrry Mejia\mejiaje01,20,NYM,30,3,0,0,0,0,0,1,0.1,0,1,0.1,.502,.500,0.1,0.0,1,,Amateur Free Agent,1
420,Mark Melancon\melanma01,25,HOU,20,0,0,0,0,0,0,0,0.0,0,0,0.0,.500,.500,0.0,0.0,0,,Traded,1
421,Kevin Mench\menchke01,32,WSN,27,29,-5,0,0,0,0,-5,-0.5,1,-4,-0.4,.482,.497,-0.4,0.0,-4,,Free Agency,/7
422,Adalberto Mendez\mendead01,28,FLA,5,10,-1,0,0,0,1,1,0.1,0,1,0.1,.515,.500,0.1,0.0,1,,Free Agency,/1
423,Dan Meyer\meyerda02,28,FLA,11,0,0,0,0,0,0,0,0.0,0,0,0.0,.500,.500,0.0,0.0,0,$415000,Waivers,1
424,Jason Michaels\michaja01,34,HOU,106,203,2,0,0,3,-2,3,0.3,6,10,0.9,.503,.502,0.6,0.1,6,$800000,Free Agency,78/9D
425,Aaron Miles#\milesaa01,33,STL,79,151,-5,0,1,-1,1,-4,-0.5,5,1,0.0,.495,.497,0.1,0.0,2,,Free Agency,4/651D
426,Lastings Milledge\millela02,25,PIT,113,412,-1,-3,0,2,-4,-6,-0.8,13,7,0.5,.494,.496,0.3,-0.3,5,$452000,Traded,79
427,Andrew Miller*\millean01,25,FLA,9,9,-2,0,0,0,1,-1,-0.1,0,-1,-0.1,.485,.499,-0.1,0.0,-1,$1790219,Traded,/1
428,Corky Miller\milleco01,34,CIN,32,79,-3,0,0,0,1,-2,-0.2,2,1,0.0,.495,.499,0.1,0.1,1,,Free Agency,2
429,Justin Miller\milleju01,32,LAD,17,0,0,0,0,0,0,0,0.0,0,0,0.0,.500,.500,0.0,0.0,0,,Free Agency,1
430,Trever Miller\milletr02,37,STL,56,0,0,0,0,0,0,0,0.0,0,0,0.0,.500,.500,0.0,0.0,0,$2000000,Free Agency,1
431,Mike Minor\minormi01,22,ATL,9,11,-2,0,0,0,2,-1,-0.1,0,-1,-0.1,.487,.499,-0.1,0.0,-1,,Amateur Draft,/1
432,Pat Misch\mischpa01,28,NYM,12,9,-2,0,0,0,1,0,0.0,0,0,0.0,.497,.500,0.0,0.0,0,,Waivers,1
433,Russ Mitchell\mitchru01,25,LAD,15,43,-5,0,0,1,0,-4,-0.5,1,-3,-0.4,.468,.497,-0.5,0.1,-4,,Amateur Draft,/537
434,Garrett Mock#\mockga01,27,WSN,1,2,-1,0,0,0,0,0,0.0,0,0,0.0,.471,.500,0.0,0.0,0,$411000,Traded,/1
435,Brian Moehler\moehlbr01,38,HOU,18,10,-2,0,0,0,1,-1,-0.1,0,-1,-0.1,.497,.500,-0.1,0.0,-1,$3000000,Free Agency,1
436,Bengie Molina\molinbe01,35,SFG,61,221,-7,-1,-1,1,3,-5,-0.6,7,2,0.1,.492,.497,0.0,0.4,1,$4500000,Free Agency,2/D
437,Yadier Molina\molinya01,27,STL,136,521,-8,-2,-2,20,8,15,1.5,16,32,3.1,.512,.510,1.0,2.9,12,$4312500,Amateur Draft,*2/3
438,Carlos Monasterios\monasca01,24,LAD,31,18,-4,0,0,0,2,-1,-0.1,0,-1,-0.1,.496,.499,-0.1,0.0,-1,$400000,Purchased,1
439,Miguel Montero*\montemi01,26,ARI,85,331,-1,-1,-1,1,5,3,0.2,10,13,1.2,.504,.502,1.2,0.6,12,$2000000,Amateur Free Agent,2/D
440,Melvin Mora\morame01,38,COL,113,354,-1,-1,-1,-7,0,-9,-1.1,11,2,0.0,.491,.494,0.8,-0.8,9,$1275000,Free Agency,534/7
441,Franklin Morales*\moralfr01,24,COL,33,0,0,0,0,0,0,0,0.0,0,0,0.0,.500,.500,0.0,0.0,0,$406000,Amateur Free Agent,1
442,Nyjer Morgan*\morgany01,29,WSN,136,577,-17,-1,2,-8,3,-21,-2.3,18,-3,-0.6,.484,.486,0.3,-0.6,5,$426500,Traded,*8
443,Logan Morrison*\morrilo01,22,FLA,62,287,10,1,1,-5,-2,4,0.3,8,12,1.1,.506,.502,1.7,-0.8,17,,Amateur Draft,7
444,Mike Morse\morsemi01,28,WSN,98,293,13,-2,-1,-3,-4,4,0.4,9,13,1.3,.505,.503,1.6,-0.8,16,$410000,Traded,93/D
445,Charlie Morton\mortoch02,26,PIT,17,28,-7,0,0,0,4,-3,-0.4,0,-3,-0.4,.480,.498,-0.3,0.0,-3,$422500,Traded,1
446,Brandon Moss*\mossbr01,26,PIT,17,27,-4,0,0,0,0,-4,-0.5,1,-3,-0.4,.473,.497,-0.4,0.0,-3,,Traded,/97
447,Guillermo Mota\motagu01,36,SFG,55,2,-1,0,0,0,0,0,0.0,0,0,0.0,.500,.500,0.0,0.0,0,$750000,Free Agency,1
448,Jason Motte\motteja01,28,STL,55,2,-1,0,0,0,0,0,0.0,0,0,0.0,.500,.500,0.0,0.0,0,$411000,Amateur Draft,1
449,Jamie Moyer*\moyerja01,47,PHI,16,35,-5,-1,0,0,5,-1,-0.1,0,-1,-0.1,.496,.500,-0.1,0.0,-1,$8000000,Free Agency,1
450,Peter Moylan\moylape01,31,ATL,84,0,0,0,0,0,0,0,0.0,0,0,0.0,.500,.500,0.0,0.0,0,$1150000,Free Agency,1
451,Edward Mujica\mujiced01,26,SDP,58,0,0,0,0,0,0,0,0.0,0,0,0.0,.500,.500,0.0,0.0,0,$419800,Conditional Deal,1
452,Kevin Mulvey\mulveke01,25,ARI,2,0,0,0,0,0,0,0,0.0,0,0,0.0,.500,.500,0.0,0.0,0,,Traded,/1
453,Donnie Murphy\murphdo01,27,FLA,29,47,4,0,0,1,0,5,0.5,1,6,0.7,.518,.503,0.5,0.1,5,,Free Agency,/564
454,Brett Myers\myersbr01,29,HOU,31,76,-8,0,0,0,10,2,0.2,0,2,0.2,.507,.501,0.2,0.0,2,$3100000,Free Agency,1
455,Xavier Nady\nadyxa01,31,CHC,119,347,-11,0,-2,-1,-4,-18,-2.0,11,-7,-1.0,.484,.488,-0.8,-0.6,-6,$3300000,Free Agency,39/7D
456,Chris Narveson*\narvech01,28,MIL,36,59,-1,0,0,0,8,8,0.8,0,8,0.8,.522,.505,0.8,0.0,8,$406500,Free Agency,1
457,Oswaldo Navarro\navaros01,25,HOU,14,25,-2,0,0,0,0,-2,-0.2,1,-1,-0.1,.486,.499,-0.1,0.0,-1,,Free Agency,6
458,Chris Nelson\nelsoch01,24,COL,17,27,-2,0,0,-2,0,-3,-0.3,1,-2,-0.3,.481,.498,0.0,-0.2,0,,Amateur Draft,/45
459,Mike Nickeas\nickemi01,27,NYM,5,10,-1,0,0,-1,0,-2,-0.2,0,-2,-0.2,.452,.499,-0.1,-0.1,-1,,Traded,/2
460,Jon Niese*\niesejo01,23,NYM,30,66,-4,0,0,0,9,4,0.4,0,4,0.5,.515,.503,0.5,0.0,4,$402000,Amateur Draft,1
461,Fernando Nieve\nievefe01,27,NYM,39,2,-1,0,0,0,0,0,0.0,0,0,0.0,.500,.500,0.0,0.0,0,$414000,Waivers,1
462,Wil Nieves\nievewi01,32,WSN,59,172,-12,0,0,-1,3,-11,-1.2,5,-6,-0.7,.480,.493,-0.6,0.2,-5,$700000,Free Agency,2
463,Laynce Nix*\nixla01,29,CIN,97,182,3,-1,-1,8,-1,7,0.8,6,13,1.3,.508,.505,0.5,0.7,5,,Free Agency,7/89
464,Ricky Nolasco\nolasri01,27,FLA,23,55,-6,-1,0,0,7,1,0.1,0,1,0.1,.503,.500,0.1,0.0,1,$3800000,Traded,1
465,Jordan Norberto*\norbejo01,23,ARI,33,0,0,0,0,0,0,0,0.0,0,0,0.0,.500,.500,0.0,0.0,0,$400000,Amateur Free Agent,1
466,Bud Norris\norribu01,25,HOU,27,56,-6,-1,0,0,8,1,0.1,0,1,0.1,.503,.501,0.1,0.0,1,$401000,Amateur Draft,1
467,Eric O'Flaherty*\oflaher01,25,ATL,55,0,0,0,0,0,0,0,0.0,0,0,0.0,.500,.500,0.0,0.0,0,$440000,Waivers,1
468,Trent Oeltjen*\oeltjtr01,27,LAD,14,30,0,0,0,-3,0,-3,-0.4,1,-2,-0.3,.475,.498,0.1,-0.3,1,,Free Agency,/87
469,Ross Ohlendorf\ohlenro01,27,PIT,18,30,-5,0,0,0,4,-1,-0.2,0,-1,-0.2,.492,.499,-0.1,0.0,-1,$439000,Traded,1
470,Will Ohman*\ohmanwi01,32,FLA,17,0,0,0,0,0,0,0,0.0,0,0,0.0,.500,.500,0.0,0.0,0,,Traded,1
471,Augie Ojeda#\ojedaau01,35,ARI,59,92,-8,-1,0,1,1,-6,-0.7,3,-3,-0.4,.489,.496,-0.5,0.2,-4,$825000,Free Agency,45/6
472,Miguel Olivo\olivomi01,31,COL,112,427,-7,0,1,11,7,12,1.2,13,25,2.5,.512,.508,1.3,1.9,14,$2000000,Free Agency,*2
473,Scott Olsen*\olsensc01,26,WSN,17,28,-6,0,0,0,4,-2,-0.2,0,-2,-0.2,.488,.499,-0.2,0.0,-2,$1000000,Free Agency,1
474,Logan Ondrusek\ondrulo01,25,CIN,59,4,-1,0,0,0,1,-1,-0.1,0,-1,-0.1,.499,.500,-0.1,0.0,-1,$400000,Amateur Draft,1
475,Ramon Ortiz\ortizra02,37,LAD,16,5,-1,0,0,0,1,-1,-0.1,0,-1,-0.1,.494,.499,-0.1,0.0,-1,$1000000,Free Agency,1
476,Russ Ortiz\ortizru01,36,LAD,6,0,0,0,0,0,0,0,0.0,0,0,0.0,.500,.500,0.0,0.0,0,,Free Agency,/1
477,Roy Oswalt\oswalro01,32,2TM,33,70,-10,0,0,0,9,-1,-0.2,0,-1,-0.2,.496,.500,-0.2,0.0,-1,$15000000,Amateur Draft,1
478,Adam Ottavino#\ottavad01,24,STL,5,7,-1,0,0,0,1,-1,-0.1,0,-1,-0.1,.489,.500,-0.1,0.0,0,,Amateur Draft,/1
479,Juan Carlos Oviedo\nunezle01,28,FLA,64,0,0,0,0,0,0,0,0.0,0,0,0.0,.500,.500,0.0,0.0,0,$2000000,Traded,1
480,Micah Owings\owingmi01,27,CIN,25,14,0,0,0,0,2,2,0.2,0,2,0.2,.508,.501,0.2,0.0,2,$440000,Traded,1
481,Vicente Padilla\padilvi01,32,LAD,15,35,-3,0,0,0,5,1,0.1,0,1,0.1,.508,.501,0.1,0.0,1,$5025000,Free Agency,1
482,Angel Pagan#\paganan01,28,NYM,151,633,6,5,0,21,0,33,3.4,20,53,5.3,.523,.522,3.1,2.2,32,$1500000,Traded,*897
483,Matt Pagnozzi\pagnoma01,27,STL,15,44,2,0,0,-1,1,2,0.2,1,3,0.3,.513,.501,0.4,0.0,4,,Amateur Draft,2
484,Chan Ho Park\parkch01,37,PIT,26,1,0,0,0,0,0,0,0.0,0,0,0.0,.499,.500,0.0,0.0,0,,Waivers,1
485,Bobby Parnell\parnebo01,25,NYM,41,1,0,0,0,0,0,0,0.0,0,0,0.0,.500,.500,0.0,0.0,0,,Amateur Draft,1
486,Gerardo Parra*\parrage01,23,ARI,133,393,-13,-1,0,13,-4,-6,-0.7,12,7,0.5,.496,.496,-0.9,0.9,-6,$405500,Amateur Free Agent,*79/8
487,Manny Parra*\parrama01,27,MIL,40,38,-3,0,0,0,5,2,0.2,0,2,0.2,.505,.501,0.2,0.0,2,$440000,Amateur Draft,1
488,Xavier Paul*\paulxa01,25,LAD,44,133,-5,0,0,0,-2,-7,-0.8,4,-3,-0.4,.483,.495,-0.4,-0.2,-3,,Amateur Draft,79
489,Felipe Paulino\paulife01,26,HOU,18,29,0,0,0,0,4,3,0.3,0,3,0.3,.517,.502,0.3,0.0,3,$415000,Amateur Free Agent,1
490,Ronny Paulino\pauliro01,29,FLA,91,344,-8,0,-1,3,6,-1,-0.2,11,10,0.9,.499,.499,0.6,0.9,7,$1100000,Traded,2
491,Jay Payton\paytoja01,37,COL,20,36,1,0,0,1,0,1,0.1,1,3,0.2,.507,.501,0.1,0.1,2,,Free Agency,/78
492,Steve Pearce\pearcst01,27,PIT,15,38,1,0,0,1,0,2,0.2,1,3,0.3,.513,.501,0.2,0.1,2,,Amateur Draft,3
493,Mike Pelfrey\pelfrmi01,26,NYM,32,70,-12,0,0,0,10,-3,-0.3,0,-3,-0.3,.491,.498,-0.3,0.0,-3,$500000,Amateur Draft,1
494,Hunter Pence\pencehu01,27,HOU,156,658,12,1,2,2,-6,11,1.0,21,32,3.0,.507,.507,2.8,-0.5,30,$3500000,Amateur Draft,*9
495,Hayden Penn\pennha01,25,PIT,3,0,0,0,0,0,0,0,0.0,0,0,0.0,.500,.500,0.0,0.0,0,$402000,Waivers,/1
496,Brad Penny\pennybr01,32,STL,9,20,-2,0,0,0,3,1,0.1,0,1,0.1,.505,.500,0.1,0.0,1,$7500000,Free Agency,/1
497,Joel Peralta\peraljo01,34,WSN,38,3,-1,0,0,0,0,0,0.0,0,0,0.0,.499,.500,0.0,0.0,0,,Free Agency,1
498,Luis Perdomo\perdolu01,26,SDP,1,0,0,0,0,0,0,0,0.0,0,0,0.0,.500,.500,0.0,0.0,0,,Free Agency,/1
499,Oliver Perez*\perezol01,28,NYM,17,11,-1,0,0,0,2,1,0.1,0,1,0.1,.505,.501,0.1,0.0,1,$12000000,Free Agency,1
500,Bryan Petersen*\peterbr01,24,FLA,23,25,-5,0,1,0,0,-5,-0.5,1,-4,-0.4,.479,.497,-0.4,0.0,-4,,Amateur Draft,/7D9
501,Brandon Phillips\phillbr01,29,CIN,155,687,4,0,1,10,4,19,1.9,21,40,3.9,.513,.513,2.9,1.4,30,$6937500,Traded,*4
502,Paul Phillips\phillpa01,33,COL,12,25,-1,0,0,-1,0,-1,-0.1,1,0,-0.1,.490,.499,0.1,-0.1,1,,Free Agency,2/3
503,Renyel Pinto*\pintore01,27,FLA,19,0,0,0,0,0,0,0,0.0,0,0,0.0,.500,.500,0.0,0.0,0,$1075000,Traded,1
504,Scott Podsednik*\podsesc01,34,LAD,39,160,-3,0,0,-6,-1,-11,-1.2,5,-6,-0.7,.471,.493,-0.1,-0.8,0,,Traded,7/8
505,Placido Polanco\polanpl01,34,PHI,132,602,-1,2,0,11,3,15,1.5,18,33,3.2,.512,.510,2.0,1.4,22,$5166666,Free Agency,*54
506,Buster Posey\poseybu01,23,SFG,108,443,17,1,0,4,3,25,2.5,14,39,3.9,.524,.516,3.5,0.8,35,,Amateur Draft,23
507,Martin Prado\pradoma01,26,ATL,140,651,16,3,-1,10,3,32,3.2,19,50,5.0,.524,.520,3.9,1.4,40,$440000,Amateur Free Agent,45/3
508,Alex Presley*\preslal01,24,PIT,19,25,-1,0,0,-1,0,-2,-0.2,1,-1,-0.2,.488,.499,-0.1,-0.1,0,,Amateur Draft,/987
509,Scott Proctor\proctsc01,33,ATL,6,0,0,0,0,0,0,0,0.0,0,0,0.0,.500,.500,0.0,0.0,0,,Free Agency,/1
510,Albert Pujols\pujolal01,30,STL,159,700,54,3,-2,8,-9,54,5.5,21,75,7.5,.535,.535,6.7,-0.1,67,$14595953,Amateur Draft,*3
511,Chad Qualls\quallch01,31,ARI,41,0,0,0,0,0,0,0,0.0,0,0,0.0,.500,.500,0.0,0.0,0,$4185000,Traded,1
512,Humberto Quintero\quinthu01,30,HOU,88,276,-15,-1,0,7,5,-5,-0.6,9,4,0.3,.494,.497,-0.5,1.2,-3,$750000,Traded,2
513,Aramis Ramirez\ramirar01,32,CHC,124,507,-5,-2,-1,-15,2,-21,-2.3,16,-5,-0.7,.483,.487,0.9,-1.4,10,$16750000,Free Agency,*5/D
514,Hanley Ramirez\ramirha01,26,FLA,142,619,20,3,0,-19,7,11,1.0,19,30,2.8,.508,.507,4.8,-1.3,49,$7000000,Traded,*6
515,Manny Ramirez\ramirma02,38,LAD,66,232,13,-1,0,-9,-2,0,-0.1,7,7,0.6,.500,.500,1.6,-1.2,16,$18695006,Free Agency,7/D
516,Ramon Ramirez\ramirra02,28,SFG,25,0,0,0,0,0,0,0,0.0,0,0,0.0,.500,.500,0.0,0.0,0,,Traded,1
517,Cesar Ramos*\ramosce01,26,SDP,13,0,0,0,0,0,0,0,0.0,0,0,0.0,.500,.500,0.0,0.0,0,$401300,Amateur Draft,1
518,Wilson Ramos\ramoswi01,22,WSN,15,54,-1,0,0,1,1,0,0.0,2,2,0.2,.501,.500,0.1,0.2,1,,Traded,2
519,Cody Ransom\ransoco01,34,PHI,22,46,-3,0,0,2,0,0,0.0,1,1,0.1,.499,.500,-0.1,0.2,-1,,Free Agency,/543
520,Colby Rasmus*\rasmuco01,23,STL,144,534,20,3,0,-6,3,20,2.0,17,37,3.6,.515,.513,4.3,-0.4,43,$418000,Amateur Draft,*8/D
521,Chris Ray\raych01,28,SFG,28,0,0,0,0,0,0,0,0.0,0,0,0.0,.500,.500,0.0,0.0,0,,Traded,1
522,John Raynor\raynojo01,26,PIT,11,11,-1,0,0,0,0,-1,-0.1,0,-1,-0.1,.492,.499,-0.1,0.0,0,$400000,Rule 5 Draft,/98
523,Edgar Renteria\renteed01,33,SFG,72,267,-3,1,-1,-2,3,-2,-0.2,8,7,0.6,.498,.499,0.8,0.1,9,$10000000,Free Agency,6
524,Chris Resop\resopch01,27,2TM,23,0,0,0,0,0,0,0,0.0,0,0,0.0,.500,.500,0.0,0.0,0,,Free Agency,/1
525,Dennys Reyes\reyesde01,33,STL,56,2,-1,0,0,0,0,0,0.0,0,0,0.0,.500,.500,0.0,0.0,0,$2000000,Free Agency,1
526,Jo-Jo Reyes*\reyesjo03,25,ATL,1,2,0,0,0,0,0,0,0.0,0,0,0.0,.531,.500,0.0,0.0,0,$410000,Amateur Draft,/1
527,Jose Reyes#\reyesjo01,27,NYM,133,603,1,1,1,-4,7,7,0.6,18,25,2.3,.506,.505,2.8,0.3,29,$9375000,Amateur Free Agent,*6
528,Mark Reynolds\reynoma01,26,ARI,145,596,-4,-2,-1,-7,3,-12,-1.4,19,6,0.4,.491,.492,1.1,-0.5,13,$833333,Amateur Draft,*5/3
529,Matt Reynolds*\reynoma02,25,COL,21,1,0,0,0,0,0,0,0.0,0,0,0.0,.502,.500,0.0,0.0,0,,Amateur Draft,1
530,Arthur Rhodes*\rhodear01,40,CIN,66,0,0,0,0,0,0,0,0.0,0,0,0.0,.500,.500,0.0,0.0,0,$2000000,Free Agency,1
531,Clayton Richard*\richacl01,26,SDP,32,72,-8,0,1,0,10,2,0.2,0,2,0.2,.507,.501,0.2,0.0,2,$423700,Traded,1
532,Juan Rincon\rincoju01,31,COL,2,1,0,0,0,0,0,0,0.0,0,0,0.0,.492,.500,0.0,0.0,0,,Free Agency,/1
533,David Riske\riskeda01,33,MIL,22,0,0,0,0,0,0,0,0.0,0,0,0.0,.500,.500,0.0,0.0,0,$4500000,Free Agency,1
534,Mike Rivera\rivermi02,33,FLA,7,17,-3,0,0,0,0,-3,-0.3,1,-2,-0.2,.460,.498,-0.2,0.0,-2,,Free Agency,/2
535,Saul Rivera#\riversa01,32,ARI,4,0,0,0,0,0,0,0,0.0,0,0,0.0,.500,.500,0.0,0.0,0,,Purchased,/1
536,Ryan Roberts\roberry01,29,ARI,36,71,-5,-1,0,3,0,-3,-0.3,2,-1,-0.1,.492,.498,-0.4,0.3,-3,,Free Agency,7/459
537,Nate Robertson\roberna01,32,2TM,19,35,-3,0,0,0,5,1,0.1,0,1,0.1,.503,.500,0.1,0.0,1,$10000000,Conditional Deal,1
538,Francisco Rodriguez\rodrifr03,28,NYM,48,0,0,0,0,0,0,0,0.0,0,0,0.0,.500,.500,0.0,0.0,0,$12166666,Free Agency,1
539,Ivan Rodriguez\rodriiv01,38,WSN,111,421,-13,-4,-3,2,7,-12,-1.4,13,1,-0.1,.489,.492,-0.3,0.9,-1,$3000000,Free Agency,2
540,Rafael Rodriguez\rodrira01,25,ARI,2,0,0,0,0,0,0,0,0.0,0,0,0.0,.500,.500,0.0,0.0,0,,Traded,/1
541,Wandy Rodriguez#\rodriwa01,31,HOU,33,74,-7,0,0,0,9,3,0.3,0,3,0.3,.508,.502,0.3,0.0,3,$5000000,Amateur Free Agent,1
542,Esmil Rogers\rogeres01,24,COL,31,21,-3,0,0,0,2,0,0.0,0,0,0.0,.500,.500,0.0,0.0,0,$401000,Amateur Free Agent,1
543,Mark Rogers\rogerma01,24,MIL,4,2,0,0,0,0,0,0,0.0,0,0,0.0,.508,.500,0.0,0.0,0,,Amateur Draft,/1
544,Ryan Rohlinger\rohliry01,26,SFG,12,18,-1,0,0,-1,0,-3,-0.3,1,-2,-0.2,.476,.498,-0.1,-0.1,-1,,Amateur Draft,/65
545,Scott Rolen\rolensc01,35,CIN,133,537,16,-2,-1,10,3,25,2.5,17,41,4.1,.520,.516,3.1,1.3,31,$7666666,Traded,*5
546,Jimmy Rollins#\rolliji01,31,PHI,88,394,-3,4,1,3,5,9,0.9,12,21,2.0,.511,.506,1.7,0.8,18,$8500000,Amateur Draft,6
547,J.C. Romero#\romerj.01,34,PHI,57,0,0,0,0,0,0,0,0.0,0,0,0.0,.500,.500,0.0,0.0,0,$4250000,Free Agency,1
548,Sergio Romo\romose01,27,SFG,67,2,-1,0,0,0,0,0,0.0,0,0,0.0,.500,.500,0.0,0.0,0,$416500,Amateur Draft,1
549,Carlos Rosa\rosaca01,25,ARI,22,0,0,0,0,0,0,0,0.0,0,0,0.0,.500,.500,0.0,0.0,0,,Traded,1
550,Leo Rosales\rosalle01,29,ARI,16,2,-1,0,0,0,0,0,0.0,0,0,0.0,.498,.500,0.0,0.0,0,$409500,Traded,1
551,Sandy Rosario\rosarsa02,24,FLA,2,0,0,0,0,0,0,0,0.0,0,0,0.0,.500,.500,0.0,0.0,0,,Amateur Free Agent,/1
552,Cody Ross\rossco01,29,2TM,153,569,-3,0,0,5,-1,2,0.1,18,20,1.8,.501,.501,1.3,0.4,15,$4450000,Purchased,*89/7
553,David Ross\rossda01,33,ATL,59,145,6,-1,-1,1,2,7,0.7,5,12,1.2,.513,.505,1.1,0.4,11,$1600000,Free Agency,2
554,Aaron Rowand\rowanaa01,32,SFG,105,357,-9,0,-1,3,2,-5,-0.6,11,6,0.5,.495,.497,0.2,0.5,3,$13600000,Free Agency,8
555,Carlos Ruiz\ruizca01,31,PHI,121,433,14,-2,0,7,7,27,2.7,14,40,4.0,.523,.517,3.3,1.5,33,$1900000,Amateur Free Agent,*2
556,Dan Runzler*\runzlda01,25,SFG,40,1,0,0,0,0,0,0,0.0,0,0,0.0,.500,.500,0.0,0.0,0,$400500,Amateur Draft,1
557,Adam Russell\russead01,27,SDP,11,0,0,0,0,0,0,0,0.0,0,0,0.0,.500,.500,0.0,0.0,0,,Traded,1
558,James Russell*\russeja02,24,CHC,57,4,-1,0,0,0,1,-1,-0.1,0,-1,-0.1,.499,.500,-0.1,0.0,-1,$400000,Amateur Draft,1
559,Rusty Ryal\ryalru01,27,ARI,104,222,-5,-2,0,0,-3,-10,-1.1,7,-3,-0.4,.490,.494,-0.4,-0.3,-3,$401000,Amateur Draft,73/5D
560,Brendan Ryan\ryanbr01,28,STL,139,486,-26,2,1,22,7,7,0.6,15,22,2.1,.505,.504,-0.3,3.0,0,$425000,Amateur Draft,*6
561,Takashi Saito*\saitota01,40,ATL,54,1,0,0,0,0,0,0,0.0,0,0,0.0,.500,.500,0.0,0.0,0,$3200000,Free Agency,1
562,Fernando Salas\salasfe01,25,STL,26,0,0,0,0,0,0,0,0.0,0,0,0.0,.500,.500,0.0,0.0,0,,Purchased,1
563,Oscar Salazar\salazos01,32,SDP,85,148,-3,-1,0,-2,-1,-8,-0.8,5,-3,-0.4,.491,.495,-0.2,-0.4,-1,$408500,Traded,7/394D5
564,Jeff Samardzija\samarje01,25,CHC,7,7,0,0,0,0,1,1,0.1,0,1,0.1,.518,.501,0.1,0.0,1,$3000000,Amateur Draft,/1
565,Chris Sampson\sampsch01,32,HOU,33,0,0,0,0,0,0,0,0.0,0,0,0.0,.500,.500,0.0,0.0,0,$815000,Unretired,1
566,Alex Sanabia\sanabal01,21,FLA,14,26,-6,0,0,0,4,-2,-0.3,0,-2,-0.3,.483,.499,-0.2,0.0,-2,,Amateur Draft,1
567,Brian Sanches\sanchbr01,31,FLA,57,1,0,0,0,0,0,0,0.0,0,0,0.0,.500,.500,0.0,0.0,0,$412500,Free Agency,1
568,Angel Sanchez\sanchan02,26,HOU,65,269,-6,0,-1,-12,3,-15,-1.7,8,-7,-0.9,.475,.490,0.4,-0.9,5,,Traded,6/4
569,Anibal Sanchez\sanchan01,26,FLA,31,69,-12,0,0,0,9,-2,-0.3,0,-2,-0.3,.492,.498,-0.3,0.0,-2,$1250000,Traded,1
570,Freddy Sanchez\sanchfr01,32,SFG,111,479,4,1,-1,-3,3,5,0.4,15,20,1.9,.505,.503,2.2,-0.1,23,$6000000,Traded,*4
571,Gaby Sanchez\sanchga01,26,FLA,151,643,6,-1,-1,-10,-8,-13,-1.5,20,7,0.4,.491,.491,1.5,-1.9,17,$401000,Amateur Draft,*3
572,Jonathan Sanchez*\sanchjo01,27,SFG,32,66,-10,0,0,0,9,-1,-0.1,0,-1,-0.1,.498,.500,-0.1,0.0,-1,$2100000,Amateur Draft,1
573,Pablo Sandoval#\sandopa01,23,SFG,152,616,0,-1,-3,0,2,-2,-0.3,19,17,1.5,.499,.499,1.6,0.2,17,$465000,Amateur Free Agent,*53
574,Johan Santana*\santajo02,31,NYM,27,67,-7,0,0,0,9,2,0.2,0,2,0.2,.509,.502,0.2,0.0,2,$20144707,Traded,1
575,Dane Sardinha\sardida01,31,PHI,13,40,-1,0,0,0,1,-1,-0.1,1,1,0.0,.494,.500,0.0,0.1,1,,Free Agency,2
576,Joe Saunders*\saundjo01,29,ARI,13,27,-4,0,0,0,4,0,0.0,0,0,0.0,.498,.500,0.0,0.0,0,,Traded,1
577,Bobby Scales#\scalebo01,32,CHC,10,20,1,0,0,0,0,2,0.2,1,2,0.2,.518,.501,0.2,0.0,2,,Free Agency,/5
578,Nate Schierholtz*\schiena01,26,SFG,137,252,-7,2,0,5,-2,-3,-0.3,8,5,0.5,.498,.498,-0.1,0.2,0,$416500,Amateur Draft,*9
579,Travis Schlichting\schlitr01,25,LAD,13,1,0,0,0,0,0,0,0.0,0,0,0.0,.499,.500,0.0,0.0,0,,Free Agency,1
580,Brian Schlitter\schlibr01,24,CHC,7,0,0,0,0,0,0,0,0.0,0,0,0.0,.500,.500,0.0,0.0,0,,Traded,/1
581,Konrad Schmidt\schmiko01,25,ARI,4,9,-1,0,0,0,0,-1,-0.1,0,-1,-0.1,.476,.499,-0.1,0.0,-1,,Amateur Free Agent,/2
582,Brian Schneider*\schnebr01,33,PHI,47,147,-1,0,0,0,2,1,0.1,5,6,0.5,.502,.501,0.5,0.2,6,$1125000,Free Agency,2
583,Skip Schumaker*\schumsk01,30,STL,137,529,-9,-1,1,-13,2,-19,-2.1,16,-2,-0.5,.486,.488,0.9,-1.2,11,$2000000,Amateur Draft,*49/78D
584,George Sherrill*\sherrge01,33,LAD,62,1,0,0,0,0,0,0,0.0,0,0,0.0,.501,.500,0.0,0.0,0,$4500000,Traded,1
585,Carlos Silva\silvaca01,31,CHC,19,40,-7,-1,0,0,5,-2,-0.3,0,-2,-0.3,.487,.498,-0.3,0.0,-2,$12750000,Traded,1
586,Brett Sinkbeil\sinkbbr01,25,FLA,3,0,0,0,0,0,0,0,0.0,0,0,0.0,.500,.500,0.0,0.0,0,,Amateur Draft,/1
587,Doug Slaten*\slatedo01,30,WSN,45,0,0,0,0,0,0,0,0.0,0,0,0.0,.500,.500,0.0,0.0,0,,Waivers,1
588,Chris Smith\smithch08,29,MIL,2,0,0,0,0,0,0,0,0.0,0,0,0.0,.500,.500,0.0,0.0,0,,Free Agency,/1
589,Greg Smith*\smithgr02,26,COL,10,16,0,0,0,0,2,1,0.1,0,2,0.2,.514,.501,0.2,0.0,2,$406000,Traded,/1
590,Jordan Smith\smithjo06,24,CIN,35,3,-1,0,0,0,0,0,0.0,0,0,0.0,.499,.500,0.0,0.0,0,,Amateur Draft,1
591,Seth Smith*\smithse01,27,COL,133,398,-1,1,0,-3,-4,-7,-0.8,12,5,0.4,.494,.495,0.7,-0.8,8,$407000,Amateur Draft,79
592,Brad Snyder*\snydebr02,28,CHC,12,28,-2,0,0,2,0,-1,-0.1,1,0,0.0,.495,.500,-0.2,0.2,-2,,Free Agency,/97
593,Chris Snyder\snydech02,29,2TM,105,376,-9,-1,-2,-3,6,-9,-1.0,12,3,0.1,.491,.498,0.5,0.3,6,$5250000,Amateur Draft,2
594,Alfonso Soriano\soriaal01,34,CHC,147,548,11,2,-1,-14,-5,-7,-0.9,17,10,0.8,.495,.495,2.3,-2.1,24,$19000000,Free Agency,*7/D
595,Jorge Sosa\sosajo02,32,FLA,22,2,0,0,0,0,0,1,0.1,0,1,0.1,.502,.500,0.1,0.0,1,,Free Agency,1
596,Geovany Soto\sotoge01,27,CHC,105,387,19,-1,0,-3,6,21,2.1,12,33,3.3,.521,.513,3.6,0.3,36,$575000,Amateur Draft,2/D
597,Ryan Spilborghs\spilbry01,30,COL,134,388,1,-1,0,-9,-4,-13,-1.5,12,-1,-0.3,.490,.491,0.7,-1.5,8,$1300000,Free Agency,97/8
598,Russ Springer\sprinru01,41,CIN,2,0,0,0,0,0,0,0,0.0,0,0,0.0,.500,.500,0.0,0.0,0,,Free Agency,/1
599,Matt Stairs*\stairma01,42,SDP,78,111,1,1,0,0,-1,1,0.1,3,4,0.4,.501,.501,0.4,-0.1,4,$700000,Free Agency,7/3D9
600,Craig Stammen\stammcr01,26,WSN,36,43,-3,-1,0,0,6,2,0.2,0,2,0.2,.506,.501,0.2,0.0,2,$402000,Amateur Draft,1
601,Daniel Stange\stangda01,24,ARI,4,0,0,0,0,0,0,0,0.0,0,0,0.0,.500,.500,0.0,0.0,0,,Amateur Draft,/1
602,Giancarlo Stanton\stantmi03,20,FLA,100,396,8,-1,0,13,-4,16,1.6,12,28,2.8,.517,.510,1.4,1.0,15,,Amateur Draft,9
603,Tim Stauffer\staufti01,28,SDP,32,21,-1,0,0,0,3,2,0.2,0,2,0.2,.506,.501,0.2,0.0,2,$415100,Amateur Draft,1
604,Nick Stavinoha\stavini01,28,STL,79,126,-4,0,-1,1,-1,-5,-0.5,4,-1,-0.2,.494,.497,-0.3,-0.1,-2,$400000,Amateur Draft,9/73D2
605,Adam Stern*\sternad01,30,MIL,6,8,-2,0,0,0,0,-2,-0.3,0,-2,-0.2,.459,.498,-0.2,0.0,-2,,Free Agency,/89
606,Mitch Stetter*\stettmi01,29,MIL,7,0,0,0,0,0,0,0,0.0,0,0,0.0,.500,.500,0.0,0.0,0,$420000,Amateur Draft,/1
607,Jeff Stevens\steveje01,26,CHC,16,0,0,0,0,0,0,0,0.0,0,0,0.0,.500,.500,0.0,0.0,0,,Traded,1
608,Chris Stewart\stewach01,28,SDP,2,0,0,0,0,0,0,0,0.0,0,0,0.0,.500,.500,0.0,0.0,0,,Free Agency,/32
609,Ian Stewart*\stewaia01,25,COL,121,441,-1,2,0,5,2,8,0.8,14,22,2.1,.507,.505,1.6,0.7,17,$408000,Amateur Draft,*5
610,Tobi Stoner#\stoneto01,25,NYM,1,0,0,0,0,0,0,0,0.0,0,0,0.0,.500,.500,0.0,0.0,0,,Amateur Draft,/1
611,Drew Storen#\storedr01,22,WSN,50,2,0,0,0,0,0,1,0.1,0,1,0.1,.501,.500,0.1,0.0,1,,Amateur Draft,1
612,Stephen Strasburg\strasst01,21,WSN,11,22,-5,0,0,0,3,-2,-0.2,0,-2,-0.2,.483,.499,-0.2,0.0,-2,$2000000,Amateur Draft,1
613,Huston Street\streehu01,26,COL,44,1,0,0,0,0,0,0,0.0,0,0,0.0,.500,.500,0.0,0.0,0,$7200000,Traded,1
614,Scott Strickland\stricsc02,34,FLA,2,0,0,0,0,0,0,0,0.0,0,0,0.0,.500,.500,0.0,0.0,0,,Free Agency,/1
615,Drew Stubbs\stubbdr01,25,CIN,150,583,3,5,2,-1,3,13,1.2,18,31,3.0,.509,.508,3.1,0.2,32,$400000,Amateur Draft,*8
616,Cory Sullivan*\sullico01,30,HOU,57,71,-6,0,0,-1,0,-8,-0.8,2,-6,-0.6,.485,.495,-0.5,-0.2,-5,$700000,Free Agency,7/98
617,Jeff Suppan\suppaje01,35,2TM,28,28,-2,0,0,0,4,2,0.2,0,2,0.2,.507,.501,0.2,0.0,2,$12750000,Free Agency,1
618,Drew Sutton#\suttodr01,27,CIN,2,3,2,0,0,0,0,2,0.2,0,2,0.2,.577,.501,0.2,0.0,2,,Traded,/456
619,Mike Sweeney\sweenmi01,36,PHI,26,58,1,0,0,0,-1,1,0.0,2,2,0.2,.502,.500,0.2,-0.1,2,,Purchased,3
620,Jose Tabata\tabatjo01,21,PIT,102,441,2,1,1,-4,-3,-4,-0.5,14,10,0.8,.496,.498,1.3,-0.8,14,,Traded,78
621,Hisanori Takahashi*\takahhi01,35,NYM,51,20,-4,0,0,0,3,-2,-0.2,0,-2,-0.2,.496,.499,-0.2,0.0,-2,$1000000,Free Agency,1
622,Taylor Tankersley*\tanketa01,27,FLA,23,0,0,0,0,0,0,0,0.0,0,0,0.0,.500,.500,0.0,0.0,0,$425000,Amateur Draft,1
623,Jack Taschner*\taschja01,32,2TM,20,2,1,0,0,0,0,1,0.1,0,1,0.1,.504,.500,0.1,0.0,1,$835000,Free Agency,/1
624,Fernando Tatis\tatisfe01,35,NYM,41,72,-3,0,0,2,-1,-2,-0.2,2,1,0.0,.495,.499,-0.2,0.1,-2,$850000,Free Agency,3/54D
625,Willy Taveras\taverwi01,28,WSN,27,37,-3,-1,0,1,-1,-4,-0.4,1,-3,-0.3,.485,.498,-0.4,0.0,-4,$400000,Free Agency,9/78
626,Miguel Tejada\tejadmi01,36,SDP,59,253,2,-1,2,-2,3,5,0.4,8,12,1.2,.508,.503,1.4,0.1,14,,Traded,6/5
627,Ruben Tejada\tejadru01,20,NYM,78,255,-11,0,1,-2,3,-9,-1.1,8,-2,-0.3,.487,.494,-0.1,0.1,1,$400000,Amateur Free Agent,46
628,Joe Thatcher*\thatcjo01,28,SDP,62,0,0,0,0,0,0,0,0.0,0,0,0.0,.500,.500,0.0,0.0,0,$412700,Traded,1
629,Ryan Theriot\theriry01,30,2TM,150,640,-15,0,0,-2,5,-12,-1.4,20,8,0.5,.491,.495,0.7,0.2,10,$2600000,Amateur Draft,46
630,Josh Thole*\tholejo01,23,NYM,73,227,-1,1,-1,-3,4,0,0.0,7,7,0.6,.500,.500,1.0,0.0,10,,Amateur Draft,2
631,Justin Thomas*\thomaju01,26,PIT,10,1,0,0,0,0,0,0,0.0,0,0,0.0,.499,.500,0.0,0.0,0,,Free Agency,1
632,Yorvit Torrealba\torreyo01,31,SDP,95,363,2,-2,0,8,6,15,1.5,11,26,2.6,.516,.510,1.7,1.4,18,$750000,Free Agency,2
633,Andres Torres#\torrean02,32,SFG,139,570,15,5,-1,17,-1,35,3.6,18,53,5.3,.527,.523,3.5,1.6,36,$426000,Free Agency,*897
634,J.R. Towles\towlejr01,26,HOU,17,51,-3,0,0,0,1,-3,-0.3,2,-1,-0.2,.482,.498,-0.2,0.1,-1,$406500,Amateur Draft,2
635,Chad Tracy*\tracych01,30,2TM,69,160,-7,0,1,-1,0,-7,-0.7,5,-2,-0.3,.490,.498,-0.2,-0.1,-1,$900000,Free Agency,5/3
636,Ramon Troncoso\troncra01,27,LAD,49,3,0,0,0,0,0,0,0.0,0,0,0.0,.500,.500,0.0,0.0,0,$416000,Amateur Free Agent,1
637,Troy Tulowitzki\tulowtr01,25,COL,122,529,24,1,-1,19,6,50,5.1,16,66,6.7,.543,.532,4.7,2.7,47,$3500000,Amateur Draft,*6
638,Justin Turner\turneju01,25,NYM,4,9,-1,0,0,-1,0,-2,-0.2,0,-2,-0.2,.454,.499,-0.1,-0.1,-1,,Waivers,/45
639,Dan Uggla\ugglada01,30,FLA,159,674,27,2,0,-9,4,24,2.3,21,45,4.3,.516,.515,5.3,-0.6,54,$7800000,Rule 5 Draft,*4
640,Justin Upton\uptonju01,22,ARI,133,571,5,0,-2,2,-5,0,-0.2,18,17,1.6,.500,.500,1.4,-0.4,15,$708333,Amateur Draft,*9/D
641,Juan Uribe\uribeju01,31,SFG,148,575,-1,-1,-2,-4,6,-1,-0.3,18,17,1.5,.499,.499,1.9,0.2,21,$3250000,Free Agency,654/D
642,Chase Utley*\utleych01,31,PHI,115,511,17,3,1,17,3,42,4.3,15,57,5.8,.539,.527,4.0,2.1,40,$15285714,Amateur Draft,*4
643,Chris Valaika\valaich01,24,CIN,19,40,-2,-1,0,1,0,-1,-0.1,1,0,0.0,.495,.499,-0.1,0.1,-1,,Amateur Draft,4/6
644,Raul Valdes*\valdera02,32,NYM,36,14,2,0,0,0,2,4,0.4,0,4,0.4,.511,.502,0.4,0.0,4,,Free Agency,1
645,Cesar Valdez\valdece01,25,ARI,9,4,-1,0,0,0,1,-1,-0.1,0,-1,-0.1,.494,.500,-0.1,0.0,-1,,Amateur Free Agent,/1
646,Wilson Valdez\valdewi01,32,PHI,111,363,-10,3,-1,2,4,-2,-0.3,11,9,0.8,.498,.498,0.6,0.6,7,,Free Agency,64/5
647,Rick van den Hurk\vanderi01,25,FLA,1,0,0,0,0,0,0,0,0.0,0,0,0.0,.500,.500,0.0,0.0,0,,Amateur Free Agent,/1
648,Claudio Vargas\vargacl01,32,MIL,16,3,-1,0,0,0,0,0,0.0,0,0,0.0,.497,.500,0.0,0.0,0,$900000,Traded,1
649,Esmerling Vasquez\vasques01,26,ARI,55,2,-1,0,0,0,0,0,0.0,0,0,0.0,.500,.500,0.0,0.0,0,$404500,Amateur Free Agent,1
650,Eugenio Velez#\velezeu01,28,SFG,29,66,-3,0,1,1,0,-2,-0.2,2,0,0.0,.493,.499,-0.1,0.1,-1,$416000,Rule 5 Draft,7/849
651,Will Venable*\venabwi01,27,SDP,131,445,-2,2,2,15,-4,13,1.3,14,27,2.7,.511,.509,1.1,1.1,12,$412800,Amateur Draft,*987/3
652,Jonny Venters*\ventejo01,25,ATL,77,1,0,0,0,0,0,0,0.0,0,0,0.0,.500,.500,0.0,0.0,0,,Amateur Draft,1
653,Jose Veras\verasjo01,29,FLA,48,0,0,0,0,0,0,0,0.0,0,0,0.0,.500,.500,0.0,0.0,0,$550000,Free Agency,1
654,Shane Victorino\victosh01,29,PHI,147,648,-1,7,1,1,3,12,1.1,20,31,3.0,.509,.508,2.9,0.4,30,$5000000,Rule 5 Draft,*8
655,Carlos Villanueva\villaca01,26,MIL,47,4,-1,0,0,0,1,-1,-0.1,0,-1,-0.1,.499,.500,-0.1,0.0,-1,$950000,Traded,1
656,Henry Villar\villahe02,23,HOU,8,0,0,0,0,0,0,0,0.0,0,0,0.0,.500,.500,0.0,0.0,0,,Amateur Free Agent,/1
657,Edinson Volquez\volqued01,26,CIN,12,21,-3,0,0,0,3,0,0.0,0,0,0.0,.503,.500,0.0,0.0,0,$445000,Traded,1
658,Chris Volstad\volstch01,23,FLA,28,63,-12,0,0,0,9,-3,-0.4,0,-3,-0.4,.488,.498,-0.4,0.0,-3,$420000,Amateur Draft,1
659,Joey Votto*\vottojo01,26,CIN,150,648,56,-1,1,3,-8,50,5.1,20,70,7.0,.535,.532,6.7,-0.6,67,$525000,Amateur Draft,*3
660,Billy Wagner*\wagnebi02,38,ATL,70,0,0,0,0,0,0,0,0.0,0,0,0.0,.500,.500,0.0,0.0,0,$6750000,Free Agency,1
661,Adam Wainwright\wainwad01,28,STL,36,96,-8,-1,0,0,12,2,0.2,0,2,0.2,.506,.501,0.2,0.0,2,$4837500,Traded,1
662,Neil Walker#\walkene01,24,PIT,110,469,11,-2,1,-6,3,7,0.6,15,22,2.1,.507,.504,2.7,-0.4,28,,Amateur Draft,4/5
663,Tyler Walker\walkety01,34,WSN,22,2,-1,0,0,0,0,0,0.0,0,0,0.0,.499,.500,0.0,0.0,0,$650000,Free Agency,1
664,Brett Wallace*\wallabr01,23,HOU,51,159,-5,-1,0,3,-2,-5,-0.6,5,0,-0.1,.489,.496,-0.4,0.1,-3,,Traded,3
665,P.J. Walters\waltepj01,25,STL,7,9,-2,0,0,0,1,-1,-0.1,0,-1,-0.1,.491,.500,-0.1,0.0,-1,,Amateur Draft,/1
666,Jeff Weaver\weaveje01,33,LAD,42,5,-1,0,0,0,1,0,0.0,0,0,0.0,.501,.500,0.0,0.0,0,$800000,Free Agency,1
667,Ryan Webb\webbry01,24,SDP,51,1,0,0,0,0,0,0,0.0,0,0,0.0,.500,.500,0.0,0.0,0,,Traded,1
668,Rickie Weeks\weeksri01,27,MIL,160,754,22,3,3,-16,4,16,1.6,21,38,3.6,.511,.510,5.3,-1.3,54,$2750000,Amateur Draft,*4/D
669,Todd Wellemeyer\welleto01,31,SFG,13,21,-4,0,0,0,3,-2,-0.2,0,-2,-0.2,.488,.499,-0.2,0.0,-2,$1000000,Free Agency,1
670,Randy Wells\wellsra01,27,CHC,30,63,-7,0,0,0,9,1,0.1,0,1,0.1,.504,.501,0.1,0.0,1,$427000,Rule 5 returned,1
671,Jayson Werth\werthja01,31,PHI,156,652,34,1,1,-5,-5,26,2.6,20,47,4.5,.517,.517,5.1,-1.1,51,$7500000,Free Agency,*98
672,Sean West\westse01,24,FLA,2,3,-1,0,0,0,0,0,0.0,0,0,0.0,.478,.500,0.0,0.0,0,,Amateur Draft,/1
673,Jake Westbrook\westbja01,32,STL,12,27,-4,0,0,0,4,0,-0.1,0,0,-0.1,.497,.500,0.0,0.0,0,,Traded,1
674,Eli Whiteside\whiteel03,30,SFG,56,141,-1,-1,0,0,3,0,-0.1,4,4,0.4,.500,.500,0.4,0.2,4,$405000,Free Agency,2
675,Josh Willingham\willijo03,31,WSN,114,451,16,1,0,1,-4,14,1.4,14,28,2.8,.513,.509,2.7,-0.4,27,$4600000,Traded,7/D
676,Dontrelle Willis*\willido03,28,ARI,5,6,0,0,0,0,1,1,0.1,0,1,0.1,.516,.500,0.1,0.0,1,,Traded,/1
677,Brian Wilson\wilsobr01,28,SFG,69,5,-1,0,0,0,1,-1,-0.1,0,-1,-0.1,.498,.499,-0.1,0.0,-1,$6500000,Amateur Draft,1
678,Randy Winn#\winnra01,36,STL,87,162,-3,1,0,-2,-1,-6,-0.6,5,-1,-0.1,.493,.496,0.1,-0.4,2,,Free Agency,9/87
679,Randy Wolf*\wolfra02,33,MIL,35,83,-5,0,0,0,11,6,0.6,0,6,0.6,.518,.504,0.6,0.0,6,$8800276,Free Agency,1
680,Tim Wood\woodti01,27,FLA,24,0,0,0,0,0,0,0,0.0,0,0,0.0,.500,.500,0.0,0.0,0,,Amateur Draft,1
681,Travis Wood\woodtr01,23,CIN,17,42,-3,0,0,0,6,2,0.2,0,2,0.2,.514,.501,0.2,0.0,2,,Amateur Draft,1
682,Vance Worley\worleva01,22,PHI,5,3,-1,0,0,0,0,0,0.0,0,0,0.0,.491,.500,0.0,0.0,0,,Amateur Draft,/1
683,David Wright\wrighda03,27,NYM,157,670,22,-2,-1,-14,3,9,0.8,21,30,2.8,.506,.506,4.3,-1.2,44,$10250000,Amateur Draft,*5/D
684,Wesley Wright\wrighwe01,25,HOU,11,8,-2,0,0,0,1,-1,-0.1,0,-1,-0.1,.490,.499,-0.1,0.0,-1,$444500,Rule 5 Draft,1
685,Chris Young\youngch03,31,SDP,4,6,-1,0,0,0,1,0,0.0,0,0,0.0,.496,.500,0.0,0.0,0,$6375000,Traded,/1
686,Chris Young\youngch04,26,ARI,156,664,8,4,1,18,4,34,3.4,21,54,5.4,.523,.522,3.6,2.3,36,$3450000,Traded,*8
687,Delwyn Young#\youngde04,28,PIT,110,207,-2,0,0,-6,-1,-9,-1.0,6,-2,-0.3,.492,.494,0.3,-0.8,4,$444500,Traded,94/5D
688,Eric Young Jr.#\younger03,25,COL,51,189,-8,2,1,-1,1,-7,-0.8,6,-1,-0.2,.486,.496,-0.1,-0.1,0,,Amateur Draft,47
689,Mike Zagurski*\zagurmi01,27,PHI,7,0,0,0,0,0,0,0,0.0,0,0,0.0,.500,.500,0.0,0.0,0,,Amateur Draft,/1
690,Carlos Zambrano#\zambrca01,29,CHC,40,57,-5,0,1,0,7,3,0.3,0,3,0.3,.507,.502,0.3,0.0,3,$18875000,Amateur Free Agent,1
691,Gregg Zaun#\zaungr01,39,MIL,28,117,0,0,-1,1,2,2,0.2,4,6,0.5,.507,.501,0.4,0.3,4,$1900000,Free Agency,2
692,Lance Zawadzki#\zawadla01,25,SDP,20,42,-2,0,0,-2,0,-3,-0.4,1,-2,-0.2,.483,.498,0.0,-0.2,0,,Amateur Draft,/465
693,Ryan Zimmerman\zimmery01,25,WSN,142,603,31,0,-1,11,3,43,4.4,19,62,6.2,.532,.528,5.1,1.4,51,$6350000,Amateur Draft,*5/D
694,Jordan Zimmermann\zimmejo02,24,WSN,7,10,-1,0,0,0,1,0,0.0,0,0,0.0,.499,.500,0.0,0.0,0,$401000,Amateur Draft,/1
695,Barry Zito*\zitoba01,32,SFG,32,66,-11,-1,0,0,9,-2,-0.2,0,-2,-0.2,.493,.499,-0.2,0.0,-2,$18500000,Free Agency,1